Workbook

Sheet 2025-touban-master-sample
B1: @ | J1: グレーのハイライトは当番に該当しない | O1: メモ：保健図書入力可能先
B2: =C2+H2+J2+L2 -> 17 | C2: =COUNTA(C4:C22) -> 10 | D2: 黒字が当番作成委員2が使用している欄。 | H2: =COUNTA(H4:H38)-1 -> 7 | I2: =COUNTA(I4:I38)-1 -> 7 | J2: =COUNTA(J4:J38)-1 -> 0 | K2: =COUNTA(K4:K38)-1 -> 0 | L2: =COUNTA(L4:L38)-1 -> 0 | M2: =COUNTA(M4:M38)-1 -> 0 | T2: ※3-1図書委員は2名です。1人3回当番になるようにアサインお願いします(ブックフェア含まず)。
A3: 事務局登録TEL | B3: No | C3: 学年組 | D3: 氏 名 | E3: 保護者名 | F3: 当番用TEL | G3: 当番用メール | H3: 兄姉２ | I3: 兄姉氏名 | J3: 兄姉３ | K3: 兄姉氏名 | L3: 兄弟 学年 学級 | M3: 兄姉氏名 | N3: 図書 | P3: 保健 | R3: パトロール | T3: 備考 | U3: 編入 | V3: 退学 | W3: 免除対象 | X3: 事務局登録TEL数字のみ | Y3: 旧TEL | Z3: 旧メール | AC3: 変更履歴
B4: 1 | C4: 幼 ゆり | D4: 行列 一蔵 | E4: 親一 | F4: 123-456-1111 | G4: 1111@gmail.com | P4: 45878 | Q4: A | U4: 45759 | W4: 運動会委員
B5: 2 | C5: 幼 ゆり | D5: 行列 二蔵 | E5: 親二 | F5: 123-456-2222 | G5: 2222@gmail.com | H5: 小4－1 | I5: 行列 弟二 | R5: 6/7,9/20 | S5: A,A | U5: 45759 | W5: 安全委員 | X5: =SUBSTITUTE(SUBSTITUTE(SUBSTITUTE(F5,"-",""),"(",""),")","") -> 1234562222
B6: 3 | C6: 幼 ゆり | D6: 行列 三彦 | E6: 親三 | F6: 123-456-3333 | G6: 3333@gmail.com | H6: 小3－1 | I6: 行列 妹三 | N6: 45815 | O6: D | U6: 45759 | X6: =SUBSTITUTE(SUBSTITUTE(SUBSTITUTE(F6,"-",""),"(",""),")","") -> 1234563333
B7: 4 | C7: 幼 ゆり | D7: 行列 四志乃 | E7: 親四 | F7: 123-456-4444 | G7: 4444@gmail.com | H7: 小3－1 | I7: 行列 妹四 | U7: 45759 | W7: 運営関係者 | X7: =SUBSTITUTE(SUBSTITUTE(SUBSTITUTE(F7,"-",""),"(",""),")","") -> 1234564444
B8: 5 | C8: 幼 ゆり | D8: 行列 五和 | E8: 親五 | F8: 123-456-5555 | G8: 5555@gmail.com | P8: 45920 | Q8: A | U8: 45759 | W8: 学級委員 | X8: =SUBSTITUTE(SUBSTITUTE(SUBSTITUTE(F8,"-",""),"(",""),")","") -> 1234565555
B9: 6 | C9: 幼 ゆり | D9: 行列 六郎 | E9: 親六 | F9: 123-456-6666 | G9: 6666@gmail.com | H9: 小2－2 | I9: 行列 弟六 | P9: 45920 | Q9: B | U9: 45759 | W9: 学級委員 | X9: =SUBSTITUTE(SUBSTITUTE(SUBSTITUTE(F9,"-",""),"(",""),")","") -> 1234566666
B10: 7 | C10: 幼 ゆり | D10: 行列 七 | E10: 親七 | F10: 123-456-7777 | G10: 7777@gmail.com | H10: 小3－2 | I10: 行列 弟七 | P10: 45892 | Q10: A | U10: 45759 | X10: =SUBSTITUTE(SUBSTITUTE(SUBSTITUTE(F10,"-",""),"(",""),")","") -> 1234567777
B11: 8 | C11: 幼 ゆり | D11: 行列 八蟹 | E11: 親八 | F11: 123-456-8888 | G11: 8888@gmail.com | H11: 小2－2 | I11: 行列 弟八 | P11: 45815 | Q11: B | U11: 45759 | X11: =SUBSTITUTE(SUBSTITUTE(SUBSTITUTE(F11,"-",""),"(",""),")","") -> 1234568888
B12: 9 | C12: 幼 ゆり | D12: 行列 九里 | E12: 親九 | F12: 123-456-9999 | G12: 9999@gmail.com | P12: 45871 | Q12: A | U12: 45759 | X12: =SUBSTITUTE(SUBSTITUTE(SUBSTITUTE(F12,"-",""),"(",""),")","") -> 1234569999
B13: 10 | C13: 幼 ゆり | D13: 行列 十助 | E13: 親十 | F13: 123-456-0000 | G13: 0000@gmail.com | H13: 小4－1 | I13: 行列 妹十 | P13: 45871 | Q13: B | U13: 45759 | X13: =SUBSTITUTE(SUBSTITUTE(SUBSTITUTE(F13,"-",""),"(",""),")","") -> 1234560000
D14: 1 | E14: 2 | F14: 3 | G14: 4 | H14: 5 | I14: 6 | J14: 7 | K14: 8 | L14: 9 | M14: 10 | N14: 11 | O14: 12 | P14: 13 | Q14: 14 | R14: 15 | S14: 16 | T14: 17 | U14: 18 | V14: 19 | W14: 20 | X14: 21 | Y14: 22 | Z14: 23

Sheet 2023当番マスター(旧)
F1: Telとメール赤字は当番用のみの番号。事務局の登録番号とは異なる | K1: グレーのハイライトは当番に該当しない | O1: メモ：保健図書入力可能先
T2: ※3-1図書委員は2名です。1人3回当番になるようにアサインお願いします(ブックフェア含まず)。
A3: 事務局登録TEL | B3: No | C3: 学年組 | D3: 氏 名 | E3: 保護者名 | F3: 当番用TEL | G3: 当番用メール | H3: 兄姉２ | I3: 兄姉氏名 | J3: 兄姉３ | K3: 兄姉氏名 | L3: 兄姉４ | M3: 兄姉氏名 | N3: 図書 | P3: 保健 | R3: パトロール | T3: 備考 | U3: 編入 | V3: 退学 | W3: 免除対象 | X3: 選出 | Y3: 事務局登録TEL | Z3: クラス登録メール | AA3: 3/2データ参照 | AB3: 3/2データ参照 | AC3: 3/2データ参照 | AD3: 3/2データ参照 | AE3: 3/2データ参照 | AF3: 3/2データ参照 | AG3: 3/2データ参照 | AH3: 事務局登録TEL数字のみ | AI3: 免除者Lookup
A4: (478)228-9270 | B4: 1 | C4: 幼 ゆり | D4: 高瀬 瑛太 | E4: 良平 | F4: (478)228-9270 | G4: rtakase0921@gmail.com;mtaka523.ktm@gmail.com | H4: 小3－1 | I4: 高瀬 翔太 | N4: 45045 | O4: A | W4: 図書委員 | Y4: (478)228-9270 | Z4: mtaka523.ktm@gmail.com | AA4: =VLOOKUP(Y4,20230302Data!A:K,2,FALSE()) -> 幼 ゆり | AB4: =VLOOKUP(Y4,20230302Data!A:K,3,FALSE()) -> 高瀬 瑛太 | AC4: =VLOOKUP(Y4,20230302Data!A:K,4,FALSE()) -> 良平 | AD4: =VLOOKUP(Y4,20230302Data!A:K,6,FALSE()) -> 小3－1 | AE4: =VLOOKUP(Y4,20230302Data!A:K,7,FALSE()) -> 高瀬 翔太 | AF4: =VLOOKUP(Y4,20230302Data!A:K,8,FALSE()) -> 0 | AG4: =VLOOKUP(Y4,20230302Data!A:K,9,FALSE()) -> 0 | AH4: =SUBSTITUTE(SUBSTITUTE(SUBSTITUTE(Y4,"-",""),"(",""),")","") -> 4782289270 | AI4: =IFERROR(VLOOKUP(AH4,#REF!,3,FALSE()),"")
A5: (424)201-9432 | B5: 2 | C5: 幼 ゆり | D5: 清水 悠羽 | E5: 純雄 | F5: (424)201-9432 | G5: yoshikofuse@yahoo.co.jp;sumio79@yahoo.co.jp | R5: 45038 | S5: B | V5: 45094 | Y5: (424)201-9432 | Z5: yoshikofuse@yahoo.co.jp | AA5: =VLOOKUP(Y5,20230302Data!A:K,2,FALSE()) -> 幼 ゆり | AB5: =VLOOKUP(Y5,20230302Data!A:K,3,FALSE()) -> 清水 悠羽 | AC5: =VLOOKUP(Y5,20230302Data!A:K,4,FALSE()) -> 純雄 | AD5: =VLOOKUP(Y5,20230302Data!A:K,6,FALSE()) -> 0 | AE5: =VLOOKUP(Y5,20230302Data!A:K,7,FALSE()) -> 0 | AF5: =VLOOKUP(Y5,20230302Data!A:K,8,FALSE()) -> 0 | AG5: =VLOOKUP(Y5,20230302Data!A:K,9,FALSE()) -> 0 | AH5: =SUBSTITUTE(SUBSTITUTE(SUBSTITUTE(Y5,"-",""),"(",""),")","") -> 4242019432 | AI5: =IFERROR(VLOOKUP(AH5,#REF!,3,FALSE()),"")
A6: (678)308-1514 | B6: 3 | C6: 幼 ゆり | D6: 津田 悠真 | E6: 真矢 | F6: (678)308-1514 | G6: aiko.tda@gmail.com | H6: 小2－2 | I6: 津田 真咲 | W6: 運動会委員 | Y6: (678)308-1514 | Z6: aiko.tda@gmail.com | AA6: =VLOOKUP(Y6,20230302Data!A:K,2,FALSE()) -> 幼 ゆり | AB6: =VLOOKUP(Y6,20230302Data!A:K,3,FALSE()) -> 津田 悠真 | AC6: =VLOOKUP(Y6,20230302Data!A:K,4,FALSE()) -> 真矢 | AD6: =VLOOKUP(Y6,20230302Data!A:K,6,FALSE()) -> 小2－2 | AE6: =VLOOKUP(Y6,20230302Data!A:K,7,FALSE()) -> 津田 真咲 | AF6: =VLOOKUP(Y6,20230302Data!A:K,8,FALSE()) -> 0 | AG6: =VLOOKUP(Y6,20230302Data!A:K,9,FALSE()) -> 0 | AH6: =SUBSTITUTE(SUBSTITUTE(SUBSTITUTE(Y6,"-",""),"(",""),")","") -> 6783081514 | AI6: =IFERROR(VLOOKUP(AH6,#REF!,3,FALSE()),"")
A7: (678)727-6990 | B7: 4 | C7: 幼 ゆり | D7: 田代 匠 | E7: 悠一郎 | F7: (678)727-6990 | G7: minorinoaki33@outlook.jp | H7: 小4－1 | I7: 田代 実 | N7: 45066 | O7: D | Y7: (678)727-6990 | Z7: minorinoaki33@outlook.jp | AA7: =VLOOKUP(Y7,20230302Data!A:K,2,FALSE()) -> 幼 ゆり | AB7: =VLOOKUP(Y7,20230302Data!A:K,3,FALSE()) -> 田代 匠 | AC7: =VLOOKUP(Y7,20230302Data!A:K,4,FALSE()) -> 悠一郎 | AD7: =VLOOKUP(Y7,20230302Data!A:K,6,FALSE()) -> 小4－1 | AE7: =VLOOKUP(Y7,20230302Data!A:K,7,FALSE()) -> 田代 実 | AF7: =VLOOKUP(Y7,20230302Data!A:K,8,FALSE()) -> 0 | AG7: =VLOOKUP(Y7,20230302Data!A:K,9,FALSE()) -> 0 | AH7: =SUBSTITUTE(SUBSTITUTE(SUBSTITUTE(Y7,"-",""),"(",""),")","") -> 6787276990 | AI7: =IFERROR(VLOOKUP(AH7,#REF!,3,FALSE()),"")
A8: (646)345-9335 | B8: 5 | C8: 幼 ゆり | D8: 船戸 建志 | E8: 洸佑 | F8: (646)345-9335 | G8: kosuke.and.saori@gmail.com | R8: 45052 | S8: C | Y8: (646)345-9335 | Z8: kosuke.and.saori@gmail.com | AA8: =VLOOKUP(Y8,20230302Data!A:K,2,FALSE()) -> 幼 ゆり | AB8: =VLOOKUP(Y8,20230302Data!A:K,3,FALSE()) -> 船戸 建志 | AC8: =VLOOKUP(Y8,20230302Data!A:K,4,FALSE()) -> 洸佑 | AD8: =VLOOKUP(Y8,20230302Data!A:K,6,FALSE()) -> 0 | AE8: =VLOOKUP(Y8,20230302Data!A:K,7,FALSE()) -> 0 | AF8: =VLOOKUP(Y8,20230302Data!A:K,8,FALSE()) -> 0 | AG8: =VLOOKUP(Y8,20230302Data!A:K,9,FALSE()) -> 0 | AH8: =SUBSTITUTE(SUBSTITUTE(SUBSTITUTE(Y8,"-",""),"(",""),")","") -> 6463459335 | AI8: =IFERROR(VLOOKUP(AH8,#REF!,3,FALSE()),"")
A9: (240)602-4877 | B9: 6 | C9: 幼 ゆり | D9: 渡部 浩市 | E9: 浩 | F9: (240)602-4877 | G9: kimikoaratani@yahoo.com | H9: 小2－1 | I9: 渡部 公太 | W9: 学級委員 | X9: 幼 ゆり | Y9: (240)602-4877 | Z9: kimikoaratani@yahoo.com;hiroshi20723@yahoo.co.jp | AA9: =VLOOKUP(Y9,20230302Data!A:K,2,FALSE()) -> 幼 ゆり | AB9: =VLOOKUP(Y9,20230302Data!A:K,3,FALSE()) -> 渡部 浩市 | AC9: =VLOOKUP(Y9,20230302Data!A:K,4,FALSE()) -> 浩 | AD9: =VLOOKUP(Y9,20230302Data!A:K,6,FALSE()) -> 小2－1 | AE9: =VLOOKUP(Y9,20230302Data!A:K,7,FALSE()) -> 渡部 公太 | AF9: =VLOOKUP(Y9,20230302Data!A:K,8,FALSE()) -> 0 | AG9: =VLOOKUP(Y9,20230302Data!A:K,9,FALSE()) -> 0 | AH9: =SUBSTITUTE(SUBSTITUTE(SUBSTITUTE(Y9,"-",""),"(",""),")","") -> 2406024877 | AI9: =IFERROR(VLOOKUP(AH9,#REF!,3,FALSE()),"")
A10: (470)488-9747 | B10: 7 | C10: 幼 ゆり | D10: 冨永 奈央 | E10: 浩平 | F10: (470)488-9747 | G10: tominagakohei7@gmail.com | H10: 小2－1 | I10: 冨永 純平 | W10: 運営関係者 | X10: 幼、小２ | Y10: (470)488-9747 | Z10: tominagakohei7@gmail.com | AA10: =VLOOKUP(Y10,20230302Data!A:K,2,FALSE()) -> 幼 ゆり | AB10: =VLOOKUP(Y10,20230302Data!A:K,3,FALSE()) -> 冨永 奈央 | AC10: =VLOOKUP(Y10,20230302Data!A:K,4,FALSE()) -> 浩平 | AD10: =VLOOKUP(Y10,20230302Data!A:K,6,FALSE()) -> 小2－1 | AE10: =VLOOKUP(Y10,20230302Data!A:K,7,FALSE()) -> 冨永 純平 | AF10: =VLOOKUP(Y10,20230302Data!A:K,8,FALSE()) -> 0 | AG10: =VLOOKUP(Y10,20230302Data!A:K,9,FALSE()) -> 0 | AH10: =SUBSTITUTE(SUBSTITUTE(SUBSTITUTE(Y10,"-",""),"(",""),")","") -> 4704889747 | AI10: =IFERROR(VLOOKUP(AH10,#REF!,3,FALSE()),"")
A11: (770)235-8197 | B11: 8 | C11: 幼 ゆり | D11: 岩戸 友莉菜 | E11: 友宏 | F11: (770)235-8197 | G11: chika46yuri123tomo927@gmail.com | W11: 運動会委員 | Y11: (770)235-8197 | Z11: chika46yuri123tomo927@gmail.com | AA11: =VLOOKUP(Y11,20230302Data!A:K,2,FALSE()) -> 幼 ゆり | AB11: =VLOOKUP(Y11,20230302Data!A:K,3,FALSE()) -> 岩戸 友莉菜 | AC11: =VLOOKUP(Y11,20230302Data!A:K,4,FALSE()) -> 友宏 | AD11: =VLOOKUP(Y11,20230302Data!A:K,6,FALSE()) -> 0 | AE11: =VLOOKUP(Y11,20230302Data!A:K,7,FALSE()) -> 0 | AF11: =VLOOKUP(Y11,20230302Data!A:K,8,FALSE()) -> 0 | AG11: =VLOOKUP(Y11,20230302Data!A:K,9,FALSE()) -> 0 | AH11: =SUBSTITUTE(SUBSTITUTE(SUBSTITUTE(Y11,"-",""),"(",""),")","") -> 7702358197 | AI11: =IFERROR(VLOOKUP(AH11,#REF!,3,FALSE()),"")
A12: (678)575-8187 | B12: 9 | C12: 幼 ゆり | D12: 江川 椎香 | E12: 良 | F12: (470)461-7192 | G12: makeorbreak.0728@gmail.com | H12: 小2－3 | I12: 江川 紗彩 | W12: 行事委員 | X12: 幼 ゆり | Y12: (678)575-8187 | Z12: makeorbreak.0728@gmail.com | AA12: =VLOOKUP(Y12,20230302Data!A:K,2,FALSE()) -> 幼 ゆり | AB12: =VLOOKUP(Y12,20230302Data!A:K,3,FALSE()) -> 江川 椎香 | AC12: =VLOOKUP(Y12,20230302Data!A:K,4,FALSE()) -> 良 | AD12: =VLOOKUP(Y12,20230302Data!A:K,6,FALSE()) -> 小2－3 | AE12: =VLOOKUP(Y12,20230302Data!A:K,7,FALSE()) -> 江川 紗彩 | AF12: =VLOOKUP(Y12,20230302Data!A:K,8,FALSE()) -> 0 | AG12: =VLOOKUP(Y12,20230302Data!A:K,9,FALSE()) -> 0 | AH12: =SUBSTITUTE(SUBSTITUTE(SUBSTITUTE(Y12,"-",""),"(",""),")","") -> 6785758187 | AI12: =IFERROR(VLOOKUP(AH12,#REF!,3,FALSE()),"")
A13: (470)576-0018 | B13: 10 | C13: 幼 ゆり | D13: 佐藤 友紀美 | E13: 清隆 | F13: (470)576-0018 | G13: satofami.kyhsy@gmail.com | H13: 小2－1 | I13: 佐藤 清花 | J13: 小4－1 | K13: 佐藤 ほのか | W13: 運営関係者 | X13: 幼,小２，小４ | Y13: (470)576-0018 | Z13: satofami.kyhsy@gmail.com | AA13: =VLOOKUP(Y13,20230302Data!A:K,2,FALSE()) -> 幼 ゆり | AB13: =VLOOKUP(Y13,20230302Data!A:K,3,FALSE()) -> 佐藤 友紀美 | AC13: =VLOOKUP(Y13,20230302Data!A:K,4,FALSE()) -> 清隆 | AD13: =VLOOKUP(Y13,20230302Data!A:K,6,FALSE()) -> 小2－1 | AE13: =VLOOKUP(Y13,20230302Data!A:K,7,FALSE()) -> 佐藤 清花 | AF13: =VLOOKUP(Y13,20230302Data!A:K,8,FALSE()) -> 小4－1 | AG13: =VLOOKUP(Y13,20230302Data!A:K,9,FALSE()) -> 佐藤 ほのか | AH13: =SUBSTITUTE(SUBSTITUTE(SUBSTITUTE(Y13,"-",""),"(",""),")","") -> 4705760018 | AI13: =IFERROR(VLOOKUP(AH13,#REF!,3,FALSE()),"")
A14: (678)464-7084 | B14: 11 | C14: 幼 ゆり | D14: 川部 和紗 | E14: 亘 | F14: (678)464-7084 | G14: kinokonoyama62.hk@gmail.com;wataru.kawabe@us.panasonic.com | H14: 小2－1 | I14: 川部 楓太 | N14: 45038 | O14: D | Y14: (678)464-7084 | Z14: wataru.kawabe@us.panasonic.com | AA14: =VLOOKUP(Y14,20230302Data!A:K,2,FALSE()) -> 幼 ゆり | AB14: =VLOOKUP(Y14,20230302Data!A:K,3,FALSE()) -> 川部 和紗 | AC14: =VLOOKUP(Y14,20230302Data!A:K,4,FALSE()) -> 亘 | AD14: =VLOOKUP(Y14,20230302Data!A:K,6,FALSE()) -> 小2－1 | AE14: =VLOOKUP(Y14,20230302Data!A:K,7,FALSE()) -> 川部 楓太 | AF14: =VLOOKUP(Y14,20230302Data!A:K,8,FALSE()) -> 0 | AG14: =VLOOKUP(Y14,20230302Data!A:K,9,FALSE()) -> 0 | AH14: =SUBSTITUTE(SUBSTITUTE(SUBSTITUTE(Y14,"-",""),"(",""),")","") -> 6784647084 | AI14: =IFERROR(VLOOKUP(AH14,#REF!,3,FALSE()),"")
A15: (678)576-4453 | B15: 12 | C15: 幼 ゆり | D15: 西島 江真 | E15: 裕介 | F15: (678)576-4453 | G15: n.yusuke0923@gmail.com | H15: 小2－1 | I15: 西島 浩貴 | N15: 45052 | O15: C | W15: 図書委員 | X15: 小２－１ | Y15: (678)576-4453 | Z15: n.yusuke0923@gmail.com;kanayamamoto78@gmail.com | AA15: =VLOOKUP(Y15,20230302Data!A:K,2,FALSE()) -> 幼 ゆり | AB15: =VLOOKUP(Y15,20230302Data!A:K,3,FALSE()) -> 西島 江真 | AC15: =VLOOKUP(Y15,20230302Data!A:K,4,FALSE()) -> 裕介 | AD15: =VLOOKUP(Y15,20230302Data!A:K,6,FALSE()) -> 小2－1 | AE15: =VLOOKUP(Y15,20230302Data!A:K,7,FALSE()) -> 西島 浩貴 | AF15: =VLOOKUP(Y15,20230302Data!A:K,8,FALSE()) -> 0 | AG15: =VLOOKUP(Y15,20230302Data!A:K,9,FALSE()) -> 0 | AH15: =SUBSTITUTE(SUBSTITUTE(SUBSTITUTE(Y15,"-",""),"(",""),")","") -> 6785764453 | AI15: =IFERROR(VLOOKUP(AH15,#REF!,3,FALSE()),"")
A16: (678)677-1769 | B16: 13 | C16: 幼 ゆり | D16: ホーイ 碧蘭 | E16: テリー | F16: (678)677-1769 | G16: lumisa22@gmail.com | W16: 50周年行事委員 | Y16: (678)677-1769 | Z16: lumisa22@gmail.com;ksakakura07@gmail.com | AA16: =VLOOKUP(Y16,20230302Data!A:K,2,FALSE()) -> 幼 ゆり | AB16: =VLOOKUP(Y16,20230302Data!A:K,3,FALSE()) -> ホーイ 碧蘭 | AC16: =VLOOKUP(Y16,20230302Data!A:K,4,FALSE()) -> テリー | AD16: =VLOOKUP(Y16,20230302Data!A:K,6,FALSE()) -> 0 | AE16: =VLOOKUP(Y16,20230302Data!A:K,7,FALSE()) -> 0 | AF16: =VLOOKUP(Y16,20230302Data!A:K,8,FALSE()) -> 0 | AG16: =VLOOKUP(Y16,20230302Data!A:K,9,FALSE()) -> 0 | AH16: =SUBSTITUTE(SUBSTITUTE(SUBSTITUTE(Y16,"-",""),"(",""),")","") -> 6786771769 | AI16: =IFERROR(VLOOKUP(AH16,#REF!,3,FALSE()),"")
A17: (770)235-1224 | B17: 14 | C17: 幼 ゆり | D17: 六反 梛月 | E17: 耕太 | F17: (770)235-1224 | G17: tsugumirokutan@gmail.com | H17: 小3－2 | I17: 六反 千遥 | J17: 小5－1 | K17: 六反 智葵 | W17: 運動会委員 | Y17: (770)235-1224 | Z17: tsugumirokutan@gmail.com | AA17: =VLOOKUP(Y17,20230302Data!A:K,2,FALSE()) -> 幼 ゆり | AB17: =VLOOKUP(Y17,20230302Data!A:K,3,FALSE()) -> 六反 梛月 | AC17: =VLOOKUP(Y17,20230302Data!A:K,4,FALSE()) -> 耕太 | AD17: =VLOOKUP(Y17,20230302Data!A:K,6,FALSE()) -> 小3－2 | AE17: =VLOOKUP(Y17,20230302Data!A:K,7,FALSE()) -> 六反 千遥 | AF17: =VLOOKUP(Y17,20230302Data!A:K,8,FALSE()) -> 小5－1 | AG17: =VLOOKUP(Y17,20230302Data!A:K,9,FALSE()) -> 六反 智葵 | AH17: =SUBSTITUTE(SUBSTITUTE(SUBSTITUTE(Y17,"-",""),"(",""),")","") -> 7702351224 | AI17: =IFERROR(VLOOKUP(AH17,#REF!,3,FALSE()),"")
A18: (470)269-6658 | B18: 15 | C18: 幼 ゆり | D18: 伊藤 みずき | E18: 敦史 | F18: (470)269-6658 | G18: sunshine.mariko@gmail.com | H18: 小2－2 | I18: 伊藤 さくら | J18: 小2－3 | K18: 伊藤 あずさ | W18: 学級委員 | Y18: (470)269-6658 | Z18: sunshine.mariko@gmail.com;atsushi1214meister@gmail.com | AA18: =VLOOKUP(Y18,20230302Data!A:K,2,FALSE()) -> 幼 ゆり | AB18: =VLOOKUP(Y18,20230302Data!A:K,3,FALSE()) -> 伊藤 みずき | AC18: =VLOOKUP(Y18,20230302Data!A:K,4,FALSE()) -> 敦史 | AD18: =VLOOKUP(Y18,20230302Data!A:K,6,FALSE()) -> 小2－2 | AE18: =VLOOKUP(Y18,20230302Data!A:K,7,FALSE()) -> 伊藤 さくら | AF18: =VLOOKUP(Y18,20230302Data!A:K,8,FALSE()) -> 小2－3 | AG18: =VLOOKUP(Y18,20230302Data!A:K,9,FALSE()) -> 伊藤 あずさ | AH18: =SUBSTITUTE(SUBSTITUTE(SUBSTITUTE(Y18,"-",""),"(",""),")","") -> 4702696658 | AI18: =IFERROR(VLOOKUP(AH18,#REF!,3,FALSE()),"")
A19: (404)771-9497 | B19: 16 | C19: 幼 ゆり | D19: 木下 さら | E19: 郁子 | F19: (404)771-9497 | G19: sunnyikopp@gmail.com | W19: 50周年行事委員 | Y19: (404)771-9497 | Z19: sunnyikopp@gmail.com | AA19: =VLOOKUP(Y19,20230302Data!A:K,2,FALSE()) -> 幼 ゆり | AB19: =VLOOKUP(Y19,20230302Data!A:K,3,FALSE()) -> 木下 さら | AC19: =VLOOKUP(Y19,20230302Data!A:K,4,FALSE()) -> 博登 | AD19: =VLOOKUP(Y19,20230302Data!A:K,6,FALSE()) -> 0 | AE19: =VLOOKUP(Y19,20230302Data!A:K,7,FALSE()) -> 0 | AF19: =VLOOKUP(Y19,20230302Data!A:K,8,FALSE()) -> 0 | AG19: =VLOOKUP(Y19,20230302Data!A:K,9,FALSE()) -> 0 | AH19: =SUBSTITUTE(SUBSTITUTE(SUBSTITUTE(Y19,"-",""),"(",""),")","") -> 4047719497 | AI19: =IFERROR(VLOOKUP(AH19,#REF!,3,FALSE()),"")
A20: (470)796-0060 | B20: 17 | C20: 幼 ゆり | D20: 塚越 豊 | E20: 肇 | F20: (470)796-0060 | G20: ham_tsuka@yahoo.co.jp | U20: 44674 | Y20: (470)796-0060 | Z20: ham_tsuka@yahoo.co.jp | AA20: =VLOOKUP(Y20,20230302Data!A:K,2,FALSE()) -> 幼 ゆり | AB20: =VLOOKUP(Y20,20230302Data!A:K,3,FALSE()) -> 塚越 豊 | AC20: =VLOOKUP(Y20,20230302Data!A:K,4,FALSE()) -> 肇 | AD20: =VLOOKUP(Y20,20230302Data!A:K,6,FALSE()) -> 0 | AE20: =VLOOKUP(Y20,20230302Data!A:K,7,FALSE()) -> 0 | AF20: =VLOOKUP(Y20,20230302Data!A:K,8,FALSE()) -> 0 | AG20: =VLOOKUP(Y20,20230302Data!A:K,9,FALSE()) -> 0 | AH20: =SUBSTITUTE(SUBSTITUTE(SUBSTITUTE(Y20,"-",""),"(",""),")","") -> 4707960060 | AI20: =IFERROR(VLOOKUP(AH20,#REF!,3,FALSE()),"")
A21: (513)857-8977 | B21: 18 | C21: 幼 ゆり | D21: 齋藤 翔 | E21: 正昭 | F21: (513)857-8977 | G21: mayuyutsu8007@icloud.com | V21: 45073 | Y21: (513)857-8977 | Z21: mayuyutsu8007@icloud.com | AA21: =VLOOKUP(Y21,20230302Data!A:K,2,FALSE()) -> 幼 ゆり | AB21: =VLOOKUP(Y21,20230302Data!A:K,3,FALSE()) -> 齋藤 翔 | AC21: =VLOOKUP(Y21,20230302Data!A:K,4,FALSE()) -> 正昭 | AD21: =VLOOKUP(Y21,20230302Data!A:K,6,FALSE()) -> 0 | AE21: =VLOOKUP(Y21,20230302Data!A:K,7,FALSE()) -> 0 | AF21: =VLOOKUP(Y21,20230302Data!A:K,8,FALSE()) -> 0 | AG21: =VLOOKUP(Y21,20230302Data!A:K,9,FALSE()) -> 0 | AH21: =SUBSTITUTE(SUBSTITUTE(SUBSTITUTE(Y21,"-",""),"(",""),")","") -> 5138578977 | AI21: =IFERROR(VLOOKUP(AH21,#REF!,3,FALSE()),"")
A22: (706)766-2725 | B22: 19 | C22: 幼 もも | D22: 山﨑 圭悟 | E22: 智昭 | F22: (706)766-2725 | G22: zaki.tomo.yuka@gmail.com | Y22: (706)766-2725 | Z22: zaki.tomo.yuka@gmail.com | AA22: =VLOOKUP(Y22,20230302Data!A:K,2,FALSE()) -> 幼 もも | AB22: =VLOOKUP(Y22,20230302Data!A:K,3,FALSE()) -> 山﨑 圭悟 | AC22: =VLOOKUP(Y22,20230302Data!A:K,4,FALSE()) -> 智昭 | AD22: =VLOOKUP(Y22,20230302Data!A:K,6,FALSE()) -> 0 | AE22: =VLOOKUP(Y22,20230302Data!A:K,7,FALSE()) -> 0 | AF22: =VLOOKUP(Y22,20230302Data!A:K,8,FALSE()) -> 0 | AG22: =VLOOKUP(Y22,20230302Data!A:K,9,FALSE()) -> 0 | AH22: =SUBSTITUTE(SUBSTITUTE(SUBSTITUTE(Y22,"-",""),"(",""),")","") -> 7067662725 | AI22: =IFERROR(VLOOKUP(AH22,#REF!,3,FALSE()),"")
A23: (678)237-1373 | B23: 20 | C23: 幼 もも | D23: 山口 将太 | E23: 圭介 | F23: (678)237-1373 | G23: ekus313@yahoo.co.jp;punipuniaiko@gmail.com | H23: 中2－1 | I23: 山口 美奈子 | N23: 45066 | O23: A | W23: 図書委員 | X23: 中２－１ | Y23: (678)237-1373 | Z23: punipuniaiko@gmail.com | AA23: =VLOOKUP(Y23,20230302Data!A:K,2,FALSE()) -> 幼 もも | AB23: =VLOOKUP(Y23,20230302Data!A:K,3,FALSE()) -> 山口 将太 | AC23: =VLOOKUP(Y23,20230302Data!A:K,4,FALSE()) -> 圭介 | AD23: =VLOOKUP(Y23,20230302Data!A:K,6,FALSE()) -> 中2－1 | AE23: =VLOOKUP(Y23,20230302Data!A:K,7,FALSE()) -> 山口 美奈子 | AF23: =VLOOKUP(Y23,20230302Data!A:K,8,FALSE()) -> 0 | AG23: =VLOOKUP(Y23,20230302Data!A:K,9,FALSE()) -> 0 | AH23: =SUBSTITUTE(SUBSTITUTE(SUBSTITUTE(Y23,"-",""),"(",""),")","") -> 6782371373 | AI23: =IFERROR(VLOOKUP(AH23,#REF!,3,FALSE()),"")
A24: (678)371-0304 | B24: 21 | C24: 幼 もも | D24: 池永 海生 | E24: ジャック | F24: (678)371-0304 | G24: nikenaga@yahoo.com | H24: 小2－1 | I24: 池永 眞弥 | N24: 45073 | O24: C | W24: 図書委員 | X24: 幼 もも | Y24: (678)371-0304 | Z24: nikenaga@yahoo.com | AA24: =VLOOKUP(Y24,20230302Data!A:K,2,FALSE()) -> 幼 もも | AB24: =VLOOKUP(Y24,20230302Data!A:K,3,FALSE()) -> 池永 海生 | AC24: =VLOOKUP(Y24,20230302Data!A:K,4,FALSE()) -> ジャック | AD24: =VLOOKUP(Y24,20230302Data!A:K,6,FALSE()) -> 小2－1 | AE24: =VLOOKUP(Y24,20230302Data!A:K,7,FALSE()) -> 池永 眞弥 | AF24: =VLOOKUP(Y24,20230302Data!A:K,8,FALSE()) -> 0 | AG24: =VLOOKUP(Y24,20230302Data!A:K,9,FALSE()) -> 0 | AH24: =SUBSTITUTE(SUBSTITUTE(SUBSTITUTE(Y24,"-",""),"(",""),")","") -> 6783710304 | AI24: =IFERROR(VLOOKUP(AH24,#REF!,3,FALSE()),"")
A25: (678)296-7245 | B25: 22 | C25: 幼 もも | D25: 小田 哲哉 | E25: 康史 | F25: (678)296-7245 | G25: tomo1129tb3@gmail.com | H25: 小2－2 | I25: 小田 彰士 | W25: 50周年行事委員 | Y25: (678)296-7245 | Z25: tomo1129tb3@gmail.com | AA25: =VLOOKUP(Y25,20230302Data!A:K,2,FALSE()) -> 幼 もも | AB25: =VLOOKUP(Y25,20230302Data!A:K,3,FALSE()) -> 小田 哲哉 | AC25: =VLOOKUP(Y25,20230302Data!A:K,4,FALSE()) -> 康史 | AD25: =VLOOKUP(Y25,20230302Data!A:K,6,FALSE()) -> 小2－2 | AE25: =VLOOKUP(Y25,20230302Data!A:K,7,FALSE()) -> 小田 彰士 | AF25: =VLOOKUP(Y25,20230302Data!A:K,8,FALSE()) -> 0 | AG25: =VLOOKUP(Y25,20230302Data!A:K,9,FALSE()) -> 0 | AH25: =SUBSTITUTE(SUBSTITUTE(SUBSTITUTE(Y25,"-",""),"(",""),")","") -> 6782967245 | AI25: =IFERROR(VLOOKUP(AH25,#REF!,3,FALSE()),"")
A26: (704)654-0730 | B26: 23 | C26: 幼 もも | D26: 鈴木 康平 | E26: 秀典 | F26: (704)654-0730 | G26: hsuzuki@live.com;suzuki.mio@outlook.com | P26: 45052 | Q26: B | W26: 行事委員 | X26: 幼 もも | Y26: (704)654-0730 | Z26: suzuki.mio@outlook.com;Hsuzuki@live.com | AA26: =VLOOKUP(Y26,20230302Data!A:K,2,FALSE()) -> 幼 もも | AB26: =VLOOKUP(Y26,20230302Data!A:K,3,FALSE()) -> 鈴木 康平 | AC26: =VLOOKUP(Y26,20230302Data!A:K,4,FALSE()) -> 秀典 | AD26: =VLOOKUP(Y26,20230302Data!A:K,6,FALSE()) -> 0 | AE26: =VLOOKUP(Y26,20230302Data!A:K,7,FALSE()) -> 0 | AF26: =VLOOKUP(Y26,20230302Data!A:K,8,FALSE()) -> 0 | AG26: =VLOOKUP(Y26,20230302Data!A:K,9,FALSE()) -> 0 | AH26: =SUBSTITUTE(SUBSTITUTE(SUBSTITUTE(Y26,"-",""),"(",""),")","") -> 7046540730 | AI26: =IFERROR(VLOOKUP(AH26,#REF!,3,FALSE()),"")
A27: (770)580-9260 | B27: 24 | C27: 幼 もも | D27: 宮嶋 悠一郎 | E27: 望 | F27: (770)580-9260 | G27: gongdaowang@hotmail.co.jp;spring_mh@hotmail.com | H27: 小3－1 | I27: 宮嶋 希子 | W27: 安全対策委員 | X27: 幼 ゆり | Y27: (770)580-9260 | Z27: spring_mh@hotmail.com | AA27: =VLOOKUP(Y27,20230302Data!A:K,2,FALSE()) -> 幼 もも | AB27: =VLOOKUP(Y27,20230302Data!A:K,3,FALSE()) -> 宮嶋 悠一郎 | AC27: =VLOOKUP(Y27,20230302Data!A:K,4,FALSE()) -> 望 | AD27: =VLOOKUP(Y27,20230302Data!A:K,6,FALSE()) -> 小3－1 | AE27: =VLOOKUP(Y27,20230302Data!A:K,7,FALSE()) -> 宮嶋 希子 | AF27: =VLOOKUP(Y27,20230302Data!A:K,8,FALSE()) -> 0 | AG27: =VLOOKUP(Y27,20230302Data!A:K,9,FALSE()) -> 0 | AH27: =SUBSTITUTE(SUBSTITUTE(SUBSTITUTE(Y27,"-",""),"(",""),")","") -> 7705809260 | AI27: =IFERROR(VLOOKUP(AH27,#REF!,3,FALSE()),"")
A28: (352)284-4615 | B28: 25 | C28: 幼 もも | D28: 篠原 佳也 | E28: マイカ | F28: (352)284-4615 | G28: hiroko_shinohara@hotmail.com | W28: 学級委員 | X28: 幼 もも | Y28: (352)284-4615 | Z28: hiroko_shinohara@hotmail.com | AA28: =VLOOKUP(Y28,20230302Data!A:K,2,FALSE()) -> 幼 もも | AB28: =VLOOKUP(Y28,20230302Data!A:K,3,FALSE()) -> 篠原 佳也 | AC28: =VLOOKUP(Y28,20230302Data!A:K,4,FALSE()) -> マイカ | AD28: =VLOOKUP(Y28,20230302Data!A:K,6,FALSE()) -> 0 | AE28: =VLOOKUP(Y28,20230302Data!A:K,7,FALSE()) -> 0 | AF28: =VLOOKUP(Y28,20230302Data!A:K,8,FALSE()) -> 0 | AG28: =VLOOKUP(Y28,20230302Data!A:K,9,FALSE()) -> 0 | AH28: =SUBSTITUTE(SUBSTITUTE(SUBSTITUTE(Y28,"-",""),"(",""),")","") -> 3522844615 | AI28: =IFERROR(VLOOKUP(AH28,#REF!,3,FALSE()),"")
A29: (404)429-0867 | B29: 26 | C29: 幼 もも | D29: 綾部 櫻 | E29: ファリス | F29: (404)429-0867 | G29: naoneko38@msn.com | H29: 小1－3 | I29: 綾部 賢造 | W29: 学級委員 | X29: 小１－３ | Y29: (404)429-0867 | Z29: naoneko38@msn.com | AA29: =VLOOKUP(Y29,20230302Data!A:K,2,FALSE()) -> 幼 もも | AB29: =VLOOKUP(Y29,20230302Data!A:K,3,FALSE()) -> 綾部 櫻 | AC29: =VLOOKUP(Y29,20230302Data!A:K,4,FALSE()) -> ファリス | AD29: =VLOOKUP(Y29,20230302Data!A:K,6,FALSE()) -> 小1－3 | AE29: =VLOOKUP(Y29,20230302Data!A:K,7,FALSE()) -> 綾部 賢造 | AF29: =VLOOKUP(Y29,20230302Data!A:K,8,FALSE()) -> 0 | AG29: =VLOOKUP(Y29,20230302Data!A:K,9,FALSE()) -> 0 | AH29: =SUBSTITUTE(SUBSTITUTE(SUBSTITUTE(Y29,"-",""),"(",""),")","") -> 4044290867 | AI29: =IFERROR(VLOOKUP(AH29,#REF!,3,FALSE()),"")
A30: (678)571-3691 | B30: 27 | C30: 幼 もも | D30: 神村 咲奈 | E30: 洋介 | F30: (678)571-3691 | G30: yukainahitorigoto@gmail.com | W30: 運動会委員 | Y30: (678)571-3691 | Z30: yukainahitorigoto@gmail.com | AA30: =VLOOKUP(Y30,20230302Data!A:K,2,FALSE()) -> 幼 もも | AB30: =VLOOKUP(Y30,20230302Data!A:K,3,FALSE()) -> 神村 咲奈 | AC30: =VLOOKUP(Y30,20230302Data!A:K,4,FALSE()) -> 洋介 | AD30: =VLOOKUP(Y30,20230302Data!A:K,6,FALSE()) -> 0 | AE30: =VLOOKUP(Y30,20230302Data!A:K,7,FALSE()) -> 0 | AF30: =VLOOKUP(Y30,20230302Data!A:K,8,FALSE()) -> 0 | AG30: =VLOOKUP(Y30,20230302Data!A:K,9,FALSE()) -> 0 | AH30: =SUBSTITUTE(SUBSTITUTE(SUBSTITUTE(Y30,"-",""),"(",""),")","") -> 6785713691 | AI30: =IFERROR(VLOOKUP(AH30,#REF!,3,FALSE()),"")
A31: (678)200-3387 | B31: 28 | C31: 幼 もも | D31: 近藤 さくら | E31: 政樹 | F31: (678)200-3387 | G31: qiuzi1012@yahoo.co.jp | H31: 小2－3 | I31: 近藤 巧 | W31: 運営関係者 | Y31: (678)200-3387 | Z31: qiuzi1012@yahoo.co.jp | AA31: =VLOOKUP(Y31,20230302Data!A:K,2,FALSE()) -> 幼 もも | AB31: =VLOOKUP(Y31,20230302Data!A:K,3,FALSE()) -> 近藤 さくら | AC31: =VLOOKUP(Y31,20230302Data!A:K,4,FALSE()) -> 政樹 | AD31: =VLOOKUP(Y31,20230302Data!A:K,6,FALSE()) -> 小2－3 | AE31: =VLOOKUP(Y31,20230302Data!A:K,7,FALSE()) -> 近藤 巧 | AF31: =VLOOKUP(Y31,20230302Data!A:K,8,FALSE()) -> 0 | AG31: =VLOOKUP(Y31,20230302Data!A:K,9,FALSE()) -> 0 | AH31: =SUBSTITUTE(SUBSTITUTE(SUBSTITUTE(Y31,"-",""),"(",""),")","") -> 6782003387 | AI31: =IFERROR(VLOOKUP(AH31,#REF!,3,FALSE()),"")
A32: (404)202-3437 | B32: 29 | C32: 幼 もも | D32: 富澤 結衣 | E32: 明 | F32: (404)202-3437 | G32: ekawa411@gmail.com | W32: 学級委員 | Y32: (404)202-3437 | Z32: ekawa411@gmail.com | AA32: =VLOOKUP(Y32,20230302Data!A:K,2,FALSE()) -> 幼 もも | AB32: =VLOOKUP(Y32,20230302Data!A:K,3,FALSE()) -> 富澤 結衣 | AC32: =VLOOKUP(Y32,20230302Data!A:K,4,FALSE()) -> 明 | AD32: =VLOOKUP(Y32,20230302Data!A:K,6,FALSE()) -> 0 | AE32: =VLOOKUP(Y32,20230302Data!A:K,7,FALSE()) -> 0 | AF32: =VLOOKUP(Y32,20230302Data!A:K,8,FALSE()) -> 0 | AG32: =VLOOKUP(Y32,20230302Data!A:K,9,FALSE()) -> 0 | AH32: =SUBSTITUTE(SUBSTITUTE(SUBSTITUTE(Y32,"-",""),"(",""),")","") -> 4042023437 | AI32: =IFERROR(VLOOKUP(AH32,#REF!,3,FALSE()),"")
A33: (678)897-3721 | B33: 30 | C33: 幼 もも | D33: 林 美和 | E33: 悠 | F33: (678)897-3721 | G33: yukkokko.526@gmail.com;yu.hayashi@kubota.com | H33: 小2－3 | I33: 林 美桜 | W33: 学級委員 | Y33: (678)897-3721 | Z33: yu.hayashi@kubota.com;yukkokko.526@gmail.com | AA33: =VLOOKUP(Y33,20230302Data!A:K,2,FALSE()) -> 幼 もも | AB33: =VLOOKUP(Y33,20230302Data!A:K,3,FALSE()) -> 林 美和 | AC33: =VLOOKUP(Y33,20230302Data!A:K,4,FALSE()) -> 悠 | AD33: =VLOOKUP(Y33,20230302Data!A:K,6,FALSE()) -> 小2－3 | AE33: =VLOOKUP(Y33,20230302Data!A:K,7,FALSE()) -> 林 美桜 | AF33: =VLOOKUP(Y33,20230302Data!A:K,8,FALSE()) -> 0 | AG33: =VLOOKUP(Y33,20230302Data!A:K,9,FALSE()) -> 0 | AH33: =SUBSTITUTE(SUBSTITUTE(SUBSTITUTE(Y33,"-",""),"(",""),")","") -> 6788973721 | AI33: =IFERROR(VLOOKUP(AH33,#REF!,3,FALSE()),"")
A34: (678)315-9092 | B34: 31 | C34: 幼 もも | D34: 益田 華 | E34: 拓朗 | F34: (404)447-4884 | G34: takuro.masuda@gmail.com | Y34: (678)315-9092 | Z34: takuro.masuda@gmail.com | AA34: =VLOOKUP(Y34,20230302Data!A:K,2,FALSE()) -> 幼 もも | AB34: =VLOOKUP(Y34,20230302Data!A:K,3,FALSE()) -> 益田 華 | AC34: =VLOOKUP(Y34,20230302Data!A:K,4,FALSE()) -> 拓朗 | AD34: =VLOOKUP(Y34,20230302Data!A:K,6,FALSE()) -> 0 | AE34: =VLOOKUP(Y34,20230302Data!A:K,7,FALSE()) -> 0 | AF34: =VLOOKUP(Y34,20230302Data!A:K,8,FALSE()) -> 0 | AG34: =VLOOKUP(Y34,20230302Data!A:K,9,FALSE()) -> 0 | AH34: =SUBSTITUTE(SUBSTITUTE(SUBSTITUTE(Y34,"-",""),"(",""),")","") -> 6783159092 | AI34: =IFERROR(VLOOKUP(AH34,#REF!,3,FALSE()),"")
A35: (706)934-3352 | B35: 32 | C35: 幼 もも | D35: 森本 七瀬 | E35: 祐輔 | F35: (706)934-3352 | G35: yuko_in_nor@yahoo.co.jp | Y35: (706)934-3352 | Z35: yuko_in_nor@yahoo.co.jp | AA35: =VLOOKUP(Y35,20230302Data!A:K,2,FALSE()) -> 幼 もも | AB35: =VLOOKUP(Y35,20230302Data!A:K,3,FALSE()) -> 森本 七瀬 | AC35: =VLOOKUP(Y35,20230302Data!A:K,4,FALSE()) -> 祐輔 | AD35: =VLOOKUP(Y35,20230302Data!A:K,6,FALSE()) -> 0 | AE35: =VLOOKUP(Y35,20230302Data!A:K,7,FALSE()) -> 0 | AF35: =VLOOKUP(Y35,20230302Data!A:K,8,FALSE()) -> 0 | AG35: =VLOOKUP(Y35,20230302Data!A:K,9,FALSE()) -> 0 | AH35: =SUBSTITUTE(SUBSTITUTE(SUBSTITUTE(Y35,"-",""),"(",""),")","") -> 7069343352 | AI35: =IFERROR(VLOOKUP(AH35,#REF!,3,FALSE()),"")
A36: (470)519-5525 | B36: 34 | C36: 幼 もも | D36: 山根 悠希 | E36: 聡 | F36: (470)519-5525 | G36: knjys@yahoo.co.jp | H36: 小2－1 | I36: 山根 綾乃 | J36: 小5－2 | K36: 山根 陸 | N36: 45045 | O36: B | U36: 44674 | W36: 図書委員 | Y36: (470)519-5525 | Z36: knjys@yahoo.co.jp | AA36: =VLOOKUP(Y36,20230302Data!A:K,2,FALSE()) -> 幼 もも | AB36: =VLOOKUP(Y36,20230302Data!A:K,3,FALSE()) -> 山根 悠希 | AC36: =VLOOKUP(Y36,20230302Data!A:K,4,FALSE()) -> 聡 | AD36: =VLOOKUP(Y36,20230302Data!A:K,6,FALSE()) -> 小2－1 | AE36: =VLOOKUP(Y36,20230302Data!A:K,7,FALSE()) -> 山根 綾乃 | AF36: =VLOOKUP(Y36,20230302Data!A:K,8,FALSE()) -> 小5－2 | AG36: =VLOOKUP(Y36,20230302Data!A:K,9,FALSE()) -> 山根 陸 | AH36: =SUBSTITUTE(SUBSTITUTE(SUBSTITUTE(Y36,"-",""),"(",""),")","") -> 4705195525 | AI36: =IFERROR(VLOOKUP(AH36,#REF!,3,FALSE()),"")
A37: (770)314-7618 | B37: 35 | C37: 幼 もも | D37: 磯部 美桜 | E37: 大介 | F37: (770)314-7618 | G37: daisuke_isobe@na.honda.com | H37: 小3－2 | I37: 磯部 侑理 | U37: 44779 | W37: 運動会委員 | Y37: (770)314-7618 | Z37: daisuke_isobe@na.honda.com | AA37: =VLOOKUP(Y37,20230302Data!A:K,2,FALSE()) -> 幼 もも | AB37: =VLOOKUP(Y37,20230302Data!A:K,3,FALSE()) -> 磯部 美桜 | AC37: =VLOOKUP(Y37,20230302Data!A:K,4,FALSE()) -> 大介 | AD37: =VLOOKUP(Y37,20230302Data!A:K,6,FALSE()) -> 小3－2 | AE37: =VLOOKUP(Y37,20230302Data!A:K,7,FALSE()) -> 磯部 侑理 | AF37: =VLOOKUP(Y37,20230302Data!A:K,8,FALSE()) -> 0 | AG37: =VLOOKUP(Y37,20230302Data!A:K,9,FALSE()) -> 0 | AH37: =SUBSTITUTE(SUBSTITUTE(SUBSTITUTE(Y37,"-",""),"(",""),")","") -> 7703147618 | AI37: =IFERROR(VLOOKUP(AH37,#REF!,3,FALSE()),"")
A38: (310)809-5341 | B38: 36 | C38: 幼 もも | D38: 西 竜輝 | E38: 佑樹 | F38: (310)809-5341 | G38: kaoru.mtt@gmail.com | H38: 小4－1 | I38: 西 朝輝 | J38: 小5－1 | K38: 西 美咲 | W38: 行事委員 | X38: 小４－１ | Y38: (310)809-5341 | Z38: Kaoru.mtt@gmail.com | AA38: =VLOOKUP(Y38,20230302Data!A:K,2,FALSE()) -> 幼 もも | AB38: =VLOOKUP(Y38,20230302Data!A:K,3,FALSE()) -> 西 竜輝 | AC38: =VLOOKUP(Y38,20230302Data!A:K,4,FALSE()) -> 佑樹 | AD38: =VLOOKUP(Y38,20230302Data!A:K,6,FALSE()) -> 小4－1 | AE38: =VLOOKUP(Y38,20230302Data!A:K,7,FALSE()) -> 西 朝輝 | AF38: =VLOOKUP(Y38,20230302Data!A:K,8,FALSE()) -> 小5－1 | AG38: =VLOOKUP(Y38,20230302Data!A:K,9,FALSE()) -> 西 美咲 | AH38: =SUBSTITUTE(SUBSTITUTE(SUBSTITUTE(Y38,"-",""),"(",""),")","") -> 3108095341 | AI38: =IFERROR(VLOOKUP(AH38,#REF!,3,FALSE()),"")
A39: (770)309-3296 | B39: 37 | C39: 小1－1 | D39: 上原 圭翔 | E39: 悠 | F39: (770)309-3296 | G39: yuehara710@gmail.com;suehara314@gmail.com | W39: 運動会委員 | X39: 小１－１ | Y39: (770)309-3296 | Z39: suehara314@gmail.com | AA39: =VLOOKUP(Y39,20230302Data!A:K,2,FALSE()) -> 小1－1 | AB39: =VLOOKUP(Y39,20230302Data!A:K,3,FALSE()) -> 上原 圭翔 | AC39: =VLOOKUP(Y39,20230302Data!A:K,4,FALSE()) -> 悠 | AD39: =VLOOKUP(Y39,20230302Data!A:K,6,FALSE()) -> 0 | AE39: =VLOOKUP(Y39,20230302Data!A:K,7,FALSE()) -> 0 | AF39: =VLOOKUP(Y39,20230302Data!A:K,8,FALSE()) -> 0 | AG39: =VLOOKUP(Y39,20230302Data!A:K,9,FALSE()) -> 0 | AH39: =SUBSTITUTE(SUBSTITUTE(SUBSTITUTE(Y39,"-",""),"(",""),")","") -> 7703093296 | AI39: =IFERROR(VLOOKUP(AH39,#REF!,3,FALSE()),"")
A40: (770)885-5784 | B40: 38 | C40: 小1－1 | D40: 鈴木 賢斗 | E40: ジェームス | F40: (770)885-5784 | G40: takayo.witmondt@gmail.com | Y40: (770)885-5784 | Z40: takayo.witmondt@gmail.com | AA40: =VLOOKUP(Y40,20230302Data!A:K,2,FALSE()) -> 小1－1 | AB40: =VLOOKUP(Y40,20230302Data!A:K,3,FALSE()) -> 鈴木 賢斗 | AC40: =VLOOKUP(Y40,20230302Data!A:K,4,FALSE()) -> ジェームス | AD40: =VLOOKUP(Y40,20230302Data!A:K,6,FALSE()) -> 0 | AE40: =VLOOKUP(Y40,20230302Data!A:K,7,FALSE()) -> 0 | AF40: =VLOOKUP(Y40,20230302Data!A:K,8,FALSE()) -> 0 | AG40: =VLOOKUP(Y40,20230302Data!A:K,9,FALSE()) -> 0 | AH40: =SUBSTITUTE(SUBSTITUTE(SUBSTITUTE(Y40,"-",""),"(",""),")","") -> 7708855784 | AI40: =IFERROR(VLOOKUP(AH40,#REF!,3,FALSE()),"")
A41: (470)323-2313 | B41: 39 | C41: 小1－1 | D41: 齋藤 鉄平 | E41: 甲侍 | F41: (470)323-6855 | G41: chibimaki3110@gmail.com;mk31101125@gmail.com | H41: 小3－1 | I41: 齋藤 理子 | R41: 45031 | S41: B | Y41: (470)323-2313 | Z41: mk31101125@gmail.com | AA41: =VLOOKUP(Y41,20230302Data!A:K,2,FALSE()) -> 小1－1 | AB41: =VLOOKUP(Y41,20230302Data!A:K,3,FALSE()) -> 齋藤 鉄平 | AC41: =VLOOKUP(Y41,20230302Data!A:K,4,FALSE()) -> 甲侍 | AD41: =VLOOKUP(Y41,20230302Data!A:K,6,FALSE()) -> 小3－1 | AE41: =VLOOKUP(Y41,20230302Data!A:K,7,FALSE()) -> 齋藤 理子 | AF41: =VLOOKUP(Y41,20230302Data!A:K,8,FALSE()) -> 0 | AG41: =VLOOKUP(Y41,20230302Data!A:K,9,FALSE()) -> 0 | AH41: =SUBSTITUTE(SUBSTITUTE(SUBSTITUTE(Y41,"-",""),"(",""),")","") -> 4703232313 | AI41: =IFERROR(VLOOKUP(AH41,#REF!,3,FALSE()),"")
A42: (470)758-0428 | B42: 40 | C42: 小1－1 | D42: 渡辺 琳久 | E42: 哲也 | F42: (470)758-0428 | G42: te2ya.watanabe@gmail.com | H42: 小4－2 | I42: 渡辺 遼 | W42: 運営関係者 | X42: 小１,小４ | Y42: (470)758-0428 | Z42: te2ya.watanabe@gmail.com | AA42: =VLOOKUP(Y42,20230302Data!A:K,2,FALSE()) -> 小1－1 | AB42: =VLOOKUP(Y42,20230302Data!A:K,3,FALSE()) -> 渡辺 琳久 | AC42: =VLOOKUP(Y42,20230302Data!A:K,4,FALSE()) -> 哲也 | AD42: =VLOOKUP(Y42,20230302Data!A:K,6,FALSE()) -> 小4－2 | AE42: =VLOOKUP(Y42,20230302Data!A:K,7,FALSE()) -> 渡辺 遼 | AF42: =VLOOKUP(Y42,20230302Data!A:K,8,FALSE()) -> 0 | AG42: =VLOOKUP(Y42,20230302Data!A:K,9,FALSE()) -> 0 | AH42: =SUBSTITUTE(SUBSTITUTE(SUBSTITUTE(Y42,"-",""),"(",""),")","") -> 4707580428 | AI42: =IFERROR(VLOOKUP(AH42,#REF!,3,FALSE()),"")
A43: (423)309-0395 | B43: 41 | C43: 小1－1 | D43: 井手 康平 | E43: 悟 | F43: (423)309-0395 | G43: 27satoru.id@gmail.com;27.ryoko.s@gmail.com | H43: 中2－1 | I43: 井手 優花 | R43: 45031 | S43: C | Y43: (423)309-0395 | Z43: 27.ryoko.s@gmail.com | AA43: =VLOOKUP(Y43,20230302Data!A:K,2,FALSE()) -> 小1－1 | AB43: =VLOOKUP(Y43,20230302Data!A:K,3,FALSE()) -> 井手 康平 | AC43: =VLOOKUP(Y43,20230302Data!A:K,4,FALSE()) -> 悟 | AD43: =VLOOKUP(Y43,20230302Data!A:K,6,FALSE()) -> 中2－1 | AE43: =VLOOKUP(Y43,20230302Data!A:K,7,FALSE()) -> 井手 優花 | AF43: =VLOOKUP(Y43,20230302Data!A:K,8,FALSE()) -> 0 | AG43: =VLOOKUP(Y43,20230302Data!A:K,9,FALSE()) -> 0 | AH43: =SUBSTITUTE(SUBSTITUTE(SUBSTITUTE(Y43,"-",""),"(",""),")","") -> 4233090395 | AI43: =IFERROR(VLOOKUP(AH43,#REF!,3,FALSE()),"")
A44: (770)695-4988 | B44: 42 | C44: 小1－1 | D44: 松田 悠生 | E44: 陽介 | F44: (770)695-4988 | G44: nwdds539@gmail.com | N44: 45052 | O44: E | Y44: (770)695-4988 | Z44: nwdds539@gmail.com | AA44: =VLOOKUP(Y44,20230302Data!A:K,2,FALSE()) -> 小1－1 | AB44: =VLOOKUP(Y44,20230302Data!A:K,3,FALSE()) -> 松田 悠生 | AC44: =VLOOKUP(Y44,20230302Data!A:K,4,FALSE()) -> 陽介 | AD44: =VLOOKUP(Y44,20230302Data!A:K,6,FALSE()) -> 0 | AE44: =VLOOKUP(Y44,20230302Data!A:K,7,FALSE()) -> 0 | AF44: =VLOOKUP(Y44,20230302Data!A:K,8,FALSE()) -> 0 | AG44: =VLOOKUP(Y44,20230302Data!A:K,9,FALSE()) -> 0 | AH44: =SUBSTITUTE(SUBSTITUTE(SUBSTITUTE(Y44,"-",""),"(",""),")","") -> 7706954988 | AI44: =IFERROR(VLOOKUP(AH44,#REF!,3,FALSE()),"")
A45: (423)490-5130 | B45: 43 | C45: 小1－1 | D45: 岩田 健孟 | E45: 達則 | F45: (423)490-5130 | G45: cadu.co.recheblue@gmail.com;tatsunori.iwata@gmail.com | N45: 45052 | O45: D | Y45: (423)490-5130 | Z45: tatsunori.iwata@gmail.com | AA45: =VLOOKUP(Y45,20230302Data!A:K,2,FALSE()) -> 小1－1 | AB45: =VLOOKUP(Y45,20230302Data!A:K,3,FALSE()) -> 岩田 健孟 | AC45: =VLOOKUP(Y45,20230302Data!A:K,4,FALSE()) -> 達則 | AD45: =VLOOKUP(Y45,20230302Data!A:K,6,FALSE()) -> 0 | AE45: =VLOOKUP(Y45,20230302Data!A:K,7,FALSE()) -> 0 | AF45: =VLOOKUP(Y45,20230302Data!A:K,8,FALSE()) -> 0 | AG45: =VLOOKUP(Y45,20230302Data!A:K,9,FALSE()) -> 0 | AH45: =SUBSTITUTE(SUBSTITUTE(SUBSTITUTE(Y45,"-",""),"(",""),")","") -> 4234905130 | AI45: =IFERROR(VLOOKUP(AH45,#REF!,3,FALSE()),"")
A46: (478)484-9636 | B46: 44 | C46: 小1－1 | D46: 髙田 昂汰 | E46: 優吾 | F46: (478)484-9636 | G46: a_little_bit_of_courage_july29@yahoo.co.jp;locolife0403@gmail.com | H46: 小3－1 | I46: 髙田 湊介 | W46: 行事委員 | X46: 小３－１ | Y46: (478)484-9636 | Z46: locolife0403@gmail.com | AA46: =VLOOKUP(Y46,20230302Data!A:K,2,FALSE()) -> 小1－1 | AB46: =VLOOKUP(Y46,20230302Data!A:K,3,FALSE()) -> 髙田 昂汰 | AC46: =VLOOKUP(Y46,20230302Data!A:K,4,FALSE()) -> 優吾 | AD46: =VLOOKUP(Y46,20230302Data!A:K,6,FALSE()) -> 小3－1 | AE46: =VLOOKUP(Y46,20230302Data!A:K,7,FALSE()) -> 髙田 湊介 | AF46: =VLOOKUP(Y46,20230302Data!A:K,8,FALSE()) -> 0 | AG46: =VLOOKUP(Y46,20230302Data!A:K,9,FALSE()) -> 0 | AH46: =SUBSTITUTE(SUBSTITUTE(SUBSTITUTE(Y46,"-",""),"(",""),")","") -> 4784849636 | AI46: =IFERROR(VLOOKUP(AH46,#REF!,3,FALSE()),"")
A47: (310)755-9862 | B47: 45 | C47: 小1－1 | D47: 内山 綾士 | E47: 祐紀 | F47: (310)755-9862 | G47: yuki_tx@hotmail.com;rieko.u@hotmail.com | R47: 45052 | S47: B | Y47: (310)755-9862 | Z47: rieko.u@hotmail.com;yuki_tx@hotmail.com | AA47: =VLOOKUP(Y47,20230302Data!A:K,2,FALSE()) -> 小1－1 | AB47: =VLOOKUP(Y47,20230302Data!A:K,3,FALSE()) -> 内山 綾士 | AC47: =VLOOKUP(Y47,20230302Data!A:K,4,FALSE()) -> 祐紀 | AD47: =VLOOKUP(Y47,20230302Data!A:K,6,FALSE()) -> 0 | AE47: =VLOOKUP(Y47,20230302Data!A:K,7,FALSE()) -> 0 | AF47: =VLOOKUP(Y47,20230302Data!A:K,8,FALSE()) -> 0 | AG47: =VLOOKUP(Y47,20230302Data!A:K,9,FALSE()) -> 0 | AH47: =SUBSTITUTE(SUBSTITUTE(SUBSTITUTE(Y47,"-",""),"(",""),")","") -> 3107559862 | AI47: =IFERROR(VLOOKUP(AH47,#REF!,3,FALSE()),"")
A48: (917)860-4899 | B48: 46 | C48: 小1－1 | D48: ハイマン 多莉明 | E48: ラリー | F48: (917)860-4899 | G48: miyo.heiman@gmail.com | N48: 45052 | O48: B | W48: 図書委員 | X48: 小１－１ | Y48: (917)860-4899 | Z48: miyo.heiman@gmail.com | AA48: =VLOOKUP(Y48,20230302Data!A:K,2,FALSE()) -> 小1－1 | AB48: =VLOOKUP(Y48,20230302Data!A:K,3,FALSE()) -> ハイマン 多莉明 | AC48: =VLOOKUP(Y48,20230302Data!A:K,4,FALSE()) -> ラリー | AD48: =VLOOKUP(Y48,20230302Data!A:K,6,FALSE()) -> 0 | AE48: =VLOOKUP(Y48,20230302Data!A:K,7,FALSE()) -> 0 | AF48: =VLOOKUP(Y48,20230302Data!A:K,8,FALSE()) -> 0 | AG48: =VLOOKUP(Y48,20230302Data!A:K,9,FALSE()) -> 0 | AH48: =SUBSTITUTE(SUBSTITUTE(SUBSTITUTE(Y48,"-",""),"(",""),")","") -> 9178604899 | AI48: =IFERROR(VLOOKUP(AH48,#REF!,3,FALSE()),"")
A49: (404)450-8288 | B49: 47 | C49: 小1－1 | D49: 村瀬 英奈 | E49: 友和 | F49: (404)450-8288 | G49: crystalchakkey72@gmail.com;tomokazu.murase@toppan-usa.com | H49: 小5－1 | I49: 村瀬 友翔 | V49: 45094 | Y49: (404)450-8288 | Z49: crystalchakkey72@gmail.com | AA49: =VLOOKUP(Y49,20230302Data!A:K,2,FALSE()) -> 小1－1 | AB49: =VLOOKUP(Y49,20230302Data!A:K,3,FALSE()) -> 村瀬 英奈 | AC49: =VLOOKUP(Y49,20230302Data!A:K,4,FALSE()) -> 友和 | AD49: =VLOOKUP(Y49,20230302Data!A:K,6,FALSE()) -> 小5－1 | AE49: =VLOOKUP(Y49,20230302Data!A:K,7,FALSE()) -> 村瀬 友翔 | AF49: =VLOOKUP(Y49,20230302Data!A:K,8,FALSE()) -> 0 | AG49: =VLOOKUP(Y49,20230302Data!A:K,9,FALSE()) -> 0 | AH49: =SUBSTITUTE(SUBSTITUTE(SUBSTITUTE(Y49,"-",""),"(",""),")","") -> 4044508288 | AI49: =IFERROR(VLOOKUP(AH49,#REF!,3,FALSE()),"")
A50: (706)983-7954 | B50: 48 | C50: 小1－1 | D50: 松本 佳乃 | E50: 康宏 | F50: (706)983-7954 | G50: ym020108316@icloud.com;yyyuko.be@gmail.com | H50: 小4－1 | I50: 松本 拓己 | W50: 学級委員 | Y50: (706)983-7954 | Z50: yyyuko.be@gmail.com | AA50: =VLOOKUP(Y50,20230302Data!A:K,2,FALSE()) -> 小1－1 | AB50: =VLOOKUP(Y50,20230302Data!A:K,3,FALSE()) -> 松本 佳乃 | AC50: =VLOOKUP(Y50,20230302Data!A:K,4,FALSE()) -> 康宏 | AD50: =VLOOKUP(Y50,20230302Data!A:K,6,FALSE()) -> 小4－1 | AE50: =VLOOKUP(Y50,20230302Data!A:K,7,FALSE()) -> 松本 拓己 | AF50: =VLOOKUP(Y50,20230302Data!A:K,8,FALSE()) -> 0 | AG50: =VLOOKUP(Y50,20230302Data!A:K,9,FALSE()) -> 0 | AH50: =SUBSTITUTE(SUBSTITUTE(SUBSTITUTE(Y50,"-",""),"(",""),")","") -> 7069837954 | AI50: =IFERROR(VLOOKUP(AH50,#REF!,3,FALSE()),"")
A51: (404)983-3953 | B51: 49 | C51: 小1－1 | D51: 梶原 杏 | E51: 將義 | F51: (706)983-9032 | G51: miisuke0102@gmail.com, Masayoshi.kajiwara@tacg.Toyota-industries.com | R51: 45031 | S51: A | W51: 安全対策委員 | Y51: (404)983-3953 | Z51: miisuke0102@gmail.com | AA51: =VLOOKUP(Y51,20230302Data!A:K,2,FALSE()) -> 小1－1 | AB51: =VLOOKUP(Y51,20230302Data!A:K,3,FALSE()) -> 梶原 杏 | AC51: =VLOOKUP(Y51,20230302Data!A:K,4,FALSE()) -> 將義 | AD51: =VLOOKUP(Y51,20230302Data!A:K,6,FALSE()) -> 0 | AE51: =VLOOKUP(Y51,20230302Data!A:K,7,FALSE()) -> 0 | AF51: =VLOOKUP(Y51,20230302Data!A:K,8,FALSE()) -> 0 | AG51: =VLOOKUP(Y51,20230302Data!A:K,9,FALSE()) -> 0 | AH51: =SUBSTITUTE(SUBSTITUTE(SUBSTITUTE(Y51,"-",""),"(",""),")","") -> 4049833953 | AI51: =IFERROR(VLOOKUP(AH51,#REF!,3,FALSE()),"")
A52: (770)262-0113 | B52: 50 | C52: 小1－1 | D52: セレン にこ | E52: 康司 | F52: (770)262-0113 | G52: emysellen@icloud.com,yasushisellen255@gmail.com | H52: 小4－2 | I52: セレン さな | R52: 45045 | S52: A | T52: 3/11 電話番号変更、e-mailアドレス追加 | W52: 安全対策委員 | X52: 小１－１ | Y52: (678)857-9876 | Z52: emysellen@icloud.com;yasushisellen255@gmail.com | AA52: =VLOOKUP(Y52,20230302Data!A:K,2,FALSE()) -> 小1－1 | AB52: =VLOOKUP(Y52,20230302Data!A:K,3,FALSE()) -> セレン にこ | AC52: =VLOOKUP(Y52,20230302Data!A:K,4,FALSE()) -> 康司 | AD52: =VLOOKUP(Y52,20230302Data!A:K,6,FALSE()) -> 小4－2 | AE52: =VLOOKUP(Y52,20230302Data!A:K,7,FALSE()) -> セレン さな | AF52: =VLOOKUP(Y52,20230302Data!A:K,8,FALSE()) -> 0 | AG52: =VLOOKUP(Y52,20230302Data!A:K,9,FALSE()) -> 0 | AH52: =SUBSTITUTE(SUBSTITUTE(SUBSTITUTE(Y52,"-",""),"(",""),")","") -> 6788579876 | AI52: =IFERROR(VLOOKUP(AH52,#REF!,3,FALSE()),"")
A53: (401)924-3777 | B53: 51 | C53: 小1－1 | D53: 新谷 えみり | E53: ハーヴィー | F53: (401)924-3777 | G53: aloha72nobue@gmail.com | N53: 45031 | O53: A | W53: 図書委員 | Y53: (401)924-3777 | Z53: aloha72nobue@gmail.com | AA53: =VLOOKUP(Y53,20230302Data!A:K,2,FALSE()) -> 小1－1 | AB53: =VLOOKUP(Y53,20230302Data!A:K,3,FALSE()) -> 新谷 えみり | AC53: =VLOOKUP(Y53,20230302Data!A:K,4,FALSE()) -> ハーヴィー | AD53: =VLOOKUP(Y53,20230302Data!A:K,6,FALSE()) -> 0 | AE53: =VLOOKUP(Y53,20230302Data!A:K,7,FALSE()) -> 0 | AF53: =VLOOKUP(Y53,20230302Data!A:K,8,FALSE()) -> 0 | AG53: =VLOOKUP(Y53,20230302Data!A:K,9,FALSE()) -> 0 | AH53: =SUBSTITUTE(SUBSTITUTE(SUBSTITUTE(Y53,"-",""),"(",""),")","") -> 4019243777 | AI53: =IFERROR(VLOOKUP(AH53,#REF!,3,FALSE()),"")
A54: (470)557-0371 | B54: 52 | C54: 小1－1 | D54: 黒木 逢七 | E54: 泰成 | F54: (470)557-0371 | G54: s.ma.merry.v.v@gmail.com | P54: 45031 | Q54: A | Y54: (470)557-0371 | Z54: s.ma.merry.v.v@gmail.com | AA54: =VLOOKUP(Y54,20230302Data!A:K,2,FALSE()) -> 小1－1 | AB54: =VLOOKUP(Y54,20230302Data!A:K,3,FALSE()) -> 黒木 逢七 | AC54: =VLOOKUP(Y54,20230302Data!A:K,4,FALSE()) -> 泰成 | AD54: =VLOOKUP(Y54,20230302Data!A:K,6,FALSE()) -> 0 | AE54: =VLOOKUP(Y54,20230302Data!A:K,7,FALSE()) -> 0 | AF54: =VLOOKUP(Y54,20230302Data!A:K,8,FALSE()) -> 0 | AG54: =VLOOKUP(Y54,20230302Data!A:K,9,FALSE()) -> 0 | AH54: =SUBSTITUTE(SUBSTITUTE(SUBSTITUTE(Y54,"-",""),"(",""),")","") -> 4705570371 | AI54: =IFERROR(VLOOKUP(AH54,#REF!,3,FALSE()),"")
A55: (678)882-6834 | B55: 53 | C55: 小1－1 | D55: 良原 渓太 | E55: 伸幸 | F55: (678)882-6834 | G55: yoshimakimail9@gmail.com | H55: 小6－1 | I55: 良原 康太 | U55: 44681 | W55: 運動会委員 | Y55: (678)882-6834 | Z55: yoshimakimail9@gmail.com | AA55: =VLOOKUP(Y55,20230302Data!A:K,2,FALSE()) -> 小1－1 | AB55: =VLOOKUP(Y55,20230302Data!A:K,3,FALSE()) -> 良原 渓太 | AC55: =VLOOKUP(Y55,20230302Data!A:K,4,FALSE()) -> 伸幸 | AD55: =VLOOKUP(Y55,20230302Data!A:K,6,FALSE()) -> 小6－1 | AE55: =VLOOKUP(Y55,20230302Data!A:K,7,FALSE()) -> 良原 康太 | AF55: =VLOOKUP(Y55,20230302Data!A:K,8,FALSE()) -> 0 | AG55: =VLOOKUP(Y55,20230302Data!A:K,9,FALSE()) -> 0 | AH55: =SUBSTITUTE(SUBSTITUTE(SUBSTITUTE(Y55,"-",""),"(",""),")","") -> 6788826834 | AI55: =IFERROR(VLOOKUP(AH55,#REF!,3,FALSE()),"")
A56: (614)623-8213 | B56: 54 | C56: 小1－1 | D56: 小島 蒔人 | E56: 薫 | F56: (614)623-8213 | G56: r.i.peace.love12@gmail.com | H56: 中1－1 | I56: 小島 蒼 | U56: 44835 | W56: 学級委員 | Y56: (614)623-8213 | AA56: =VLOOKUP(Y56,20230302Data!A:K,2,FALSE()) -> 小1－1 | AB56: =VLOOKUP(Y56,20230302Data!A:K,3,FALSE()) -> 小島 蒔人 | AC56: =VLOOKUP(Y56,20230302Data!A:K,4,FALSE()) -> 薫 | AD56: =VLOOKUP(Y56,20230302Data!A:K,6,FALSE()) -> 中1－1 | AE56: =VLOOKUP(Y56,20230302Data!A:K,7,FALSE()) -> 小島 蒼 | AF56: =VLOOKUP(Y56,20230302Data!A:K,8,FALSE()) -> 0 | AG56: =VLOOKUP(Y56,20230302Data!A:K,9,FALSE()) -> 0 | AH56: =SUBSTITUTE(SUBSTITUTE(SUBSTITUTE(Y56,"-",""),"(",""),")","") -> 6146238213 | AI56: =IFERROR(VLOOKUP(AH56,#REF!,3,FALSE()),"")
A57: (678)283-3556 | B57: 55 | C57: 小1－2 | D57: 塚本 凌久 | E57: 孝徳 | F57: (678)283-3556 | G57: rvesrkt0106@gmail.com | W57: 運営関係者 | Y57: (678)283-3556 | Z57: rvesrkt0106@gmail.com | AA57: =VLOOKUP(Y57,20230302Data!A:K,2,FALSE()) -> 小1－2 | AB57: =VLOOKUP(Y57,20230302Data!A:K,3,FALSE()) -> 塚本 凌久 | AC57: =VLOOKUP(Y57,20230302Data!A:K,4,FALSE()) -> 孝徳 | AD57: =VLOOKUP(Y57,20230302Data!A:K,6,FALSE()) -> 0 | AE57: =VLOOKUP(Y57,20230302Data!A:K,7,FALSE()) -> 0 | AF57: =VLOOKUP(Y57,20230302Data!A:K,8,FALSE()) -> 0 | AG57: =VLOOKUP(Y57,20230302Data!A:K,9,FALSE()) -> 0 | AH57: =SUBSTITUTE(SUBSTITUTE(SUBSTITUTE(Y57,"-",""),"(",""),")","") -> 6782833556 | AI57: =IFERROR(VLOOKUP(AH57,#REF!,3,FALSE()),"")
A58: (678)431-8111 | B58: 56 | C58: 小1－2 | D58: 二村 貫太 | E58: 裕治 | F58: (678)431-8111 | G58: gaoxiuai@gmail.com;y-nimura@ykk.com | W58: 運営関係者 | Y58: (678)431-8111 | Z58: gaoxiuai@gmail.com | AA58: =VLOOKUP(Y58,20230302Data!A:K,2,FALSE()) -> 小1－2 | AB58: =VLOOKUP(Y58,20230302Data!A:K,3,FALSE()) -> 二村 貫太 | AC58: =VLOOKUP(Y58,20230302Data!A:K,4,FALSE()) -> 裕治 | AD58: =VLOOKUP(Y58,20230302Data!A:K,6,FALSE()) -> 0 | AE58: =VLOOKUP(Y58,20230302Data!A:K,7,FALSE()) -> 0 | AF58: =VLOOKUP(Y58,20230302Data!A:K,8,FALSE()) -> 0 | AG58: =VLOOKUP(Y58,20230302Data!A:K,9,FALSE()) -> 0 | AH58: =SUBSTITUTE(SUBSTITUTE(SUBSTITUTE(Y58,"-",""),"(",""),")","") -> 6784318111 | AI58: =IFERROR(VLOOKUP(AH58,#REF!,3,FALSE()),"")
A59: (470)589-0483 | B59: 57 | C59: 小1－2 | D59: 薮田 大輝 | E59: 豊大 | F59: (470)589-0483 | G59: satoko7211@yahoo.co.jp;atsuhiro0221@yahoo.co.jp | H59: 小6－2 | I59: 薮田 愛子 | W59: 学級委員 | Y59: (470)589-0483 | Z59: satoko7211@yahoo.co.jp | AA59: =VLOOKUP(Y59,20230302Data!A:K,2,FALSE()) -> 小1－2 | AB59: =VLOOKUP(Y59,20230302Data!A:K,3,FALSE()) -> 薮田 大輝 | AC59: =VLOOKUP(Y59,20230302Data!A:K,4,FALSE()) -> 豊大 | AD59: =VLOOKUP(Y59,20230302Data!A:K,6,FALSE()) -> 小6－2 | AE59: =VLOOKUP(Y59,20230302Data!A:K,7,FALSE()) -> 薮田 愛子 | AF59: =VLOOKUP(Y59,20230302Data!A:K,8,FALSE()) -> 0 | AG59: =VLOOKUP(Y59,20230302Data!A:K,9,FALSE()) -> 0 | AH59: =SUBSTITUTE(SUBSTITUTE(SUBSTITUTE(Y59,"-",""),"(",""),")","") -> 4705890483 | AI59: =IFERROR(VLOOKUP(AH59,#REF!,3,FALSE()),"")
A60: (478)877-8054 | B60: 58 | C60: 小1－2 | D60: 加藤 大河 | E60: 大地 | F60: (478)877-8054 | G60: sakusaku1742@yahoo.co.jp;cazz0611@yahoo.co.jp | X60: 小１－２ | Y60: (478)877-8054 | Z60: cazz0611@yahoo.co.jp | AA60: =VLOOKUP(Y60,20230302Data!A:K,2,FALSE()) -> 小1－2 | AB60: =VLOOKUP(Y60,20230302Data!A:K,3,FALSE()) -> 加藤 大河 | AC60: =VLOOKUP(Y60,20230302Data!A:K,4,FALSE()) -> 大地 | AD60: =VLOOKUP(Y60,20230302Data!A:K,6,FALSE()) -> 0 | AE60: =VLOOKUP(Y60,20230302Data!A:K,7,FALSE()) -> 0 | AF60: =VLOOKUP(Y60,20230302Data!A:K,8,FALSE()) -> 0 | AG60: =VLOOKUP(Y60,20230302Data!A:K,9,FALSE()) -> 0 | AH60: =SUBSTITUTE(SUBSTITUTE(SUBSTITUTE(Y60,"-",""),"(",""),")","") -> 4788778054 | AI60: =IFERROR(VLOOKUP(AH60,#REF!,3,FALSE()),"")
A61: (404)245-9823 | B61: 59 | C61: 小1－2 | D61: 中村 光太 | E61: 剛 | F61: (404)245-9823 | G61: home.dora@gmail.com;aichikaw@hotmail.com | Y61: (404)245-9823 | Z61: home.dora@gmail.com | AA61: =VLOOKUP(Y61,20230302Data!A:K,2,FALSE()) -> 小1－2 | AB61: =VLOOKUP(Y61,20230302Data!A:K,3,FALSE()) -> 中村 光太 | AC61: =VLOOKUP(Y61,20230302Data!A:K,4,FALSE()) -> 剛 | AD61: =VLOOKUP(Y61,20230302Data!A:K,6,FALSE()) -> 0 | AE61: =VLOOKUP(Y61,20230302Data!A:K,7,FALSE()) -> 0 | AF61: =VLOOKUP(Y61,20230302Data!A:K,8,FALSE()) -> 0 | AG61: =VLOOKUP(Y61,20230302Data!A:K,9,FALSE()) -> 0 | AH61: =SUBSTITUTE(SUBSTITUTE(SUBSTITUTE(Y61,"-",""),"(",""),")","") -> 4042459823 | AI61: =IFERROR(VLOOKUP(AH61,#REF!,3,FALSE()),"")
A62: (470)859-9798 | B62: 60 | C62: 小1－2 | D62: 北井 匠 | E62: 大樹 | F62: (470)859-9798 | G62: life__is__beautiful@hotmail.com;kitai_atl_2022@yahoo.com | H62: 小6－2 | I62: 北井 大和 | R62: 45038 | S62: C | T62: 3/11電話番号変更 | X62: 小６－２ | Y62: (770)778-5098 | Z62: kitai_atl_2022@yahoo.com | AA62: =VLOOKUP(Y62,20230302Data!A:K,2,FALSE()) -> 小1－2 | AB62: =VLOOKUP(Y62,20230302Data!A:K,3,FALSE()) -> 北井 匠 | AC62: =VLOOKUP(Y62,20230302Data!A:K,4,FALSE()) -> 大樹 | AD62: =VLOOKUP(Y62,20230302Data!A:K,6,FALSE()) -> 小6－2 | AE62: =VLOOKUP(Y62,20230302Data!A:K,7,FALSE()) -> 北井 大和 | AF62: =VLOOKUP(Y62,20230302Data!A:K,8,FALSE()) -> 0 | AG62: =VLOOKUP(Y62,20230302Data!A:K,9,FALSE()) -> 0 | AH62: =SUBSTITUTE(SUBSTITUTE(SUBSTITUTE(Y62,"-",""),"(",""),")","") -> 7707785098 | AI62: =IFERROR(VLOOKUP(AH62,#REF!,3,FALSE()),"")
A63: (213)925-2174 | B63: 61 | C63: 小1－2 | D63: 宮田 來怜 | E63: 大輝 | F63: (213)925-2174 | G63: kuboasa817@hotmail.com | H63: 小3－1 | I63: 宮田 亜美 | W63: 運営関係者 | X63: 小１,小３ | Y63: (213)925-2174 | Z63: kuboasa817@hotmail.com | AA63: =VLOOKUP(Y63,20230302Data!A:K,2,FALSE()) -> 小1－2 | AB63: =VLOOKUP(Y63,20230302Data!A:K,3,FALSE()) -> 宮田 來怜 | AC63: =VLOOKUP(Y63,20230302Data!A:K,4,FALSE()) -> 大輝 | AD63: =VLOOKUP(Y63,20230302Data!A:K,6,FALSE()) -> 小3－1 | AE63: =VLOOKUP(Y63,20230302Data!A:K,7,FALSE()) -> 宮田 亜美 | AF63: =VLOOKUP(Y63,20230302Data!A:K,8,FALSE()) -> 0 | AG63: =VLOOKUP(Y63,20230302Data!A:K,9,FALSE()) -> 0 | AH63: =SUBSTITUTE(SUBSTITUTE(SUBSTITUTE(Y63,"-",""),"(",""),")","") -> 2139252174 | AI63: =IFERROR(VLOOKUP(AH63,#REF!,3,FALSE()),"")
A64: (404)908-5543 | B64: 62 | C64: 小1－2 | D64: モリソン 晴信 | E64: ジョシュア | F64: (404)908-5543 | G64: afurukaw@gmail.com | W64: 運営関係者 | X64: 小１,小６ | Y64: (404)908-5543 | Z64: afurukaw@gmail.com | AA64: =VLOOKUP(Y64,20230302Data!A:K,2,FALSE()) -> 小1－2 | AB64: =VLOOKUP(Y64,20230302Data!A:K,3,FALSE()) -> モリソン 晴信 | AC64: =VLOOKUP(Y64,20230302Data!A:K,4,FALSE()) -> ジョシュア | AD64: =VLOOKUP(Y64,20230302Data!A:K,6,FALSE()) -> 0 | AE64: =VLOOKUP(Y64,20230302Data!A:K,7,FALSE()) -> 0 | AF64: =VLOOKUP(Y64,20230302Data!A:K,8,FALSE()) -> 0 | AG64: =VLOOKUP(Y64,20230302Data!A:K,9,FALSE()) -> 0 | AH64: =SUBSTITUTE(SUBSTITUTE(SUBSTITUTE(Y64,"-",""),"(",""),")","") -> 4049085543 | AI64: =IFERROR(VLOOKUP(AH64,#REF!,3,FALSE()),"")
A65: (470)755-9116 | B65: 63 | C65: 小1－2 | D65: 山崎 瑛美 | E65: 寿也 | F65: (470)755-9116 | G65: mln.08077120495@icloud.com;nozoyama0724@icloud.com | H65: 小4－2 | I65: 山崎 玲奈 | P65: 45045 | Q65: B | Y65: (470)755-9116 | Z65: mln.08077120495@icloud.com | AA65: =VLOOKUP(Y65,20230302Data!A:K,2,FALSE()) -> 小1－2 | AB65: =VLOOKUP(Y65,20230302Data!A:K,3,FALSE()) -> 山崎 瑛美 | AC65: =VLOOKUP(Y65,20230302Data!A:K,4,FALSE()) -> 寿也 | AD65: =VLOOKUP(Y65,20230302Data!A:K,6,FALSE()) -> 小4－2 | AE65: =VLOOKUP(Y65,20230302Data!A:K,7,FALSE()) -> 山崎 玲奈 | AF65: =VLOOKUP(Y65,20230302Data!A:K,8,FALSE()) -> 0 | AG65: =VLOOKUP(Y65,20230302Data!A:K,9,FALSE()) -> 0 | AH65: =SUBSTITUTE(SUBSTITUTE(SUBSTITUTE(Y65,"-",""),"(",""),")","") -> 4707559116 | AI65: =IFERROR(VLOOKUP(AH65,#REF!,3,FALSE()),"")
A66: (770)235-8724 | B66: 64 | C66: 小1－2 | D66: 井上 柚羽 | E66: 雄一郎 | F66: (770)235-8724 | G66: yook.yoo.mee.0417@gmail.com | H66: 小3－1 | I66: 井上 柚乃 | W66: 行事委員 | Y66: (770)235-8724 | Z66: yook.yoo.mee.0417@gmail.com | AA66: =VLOOKUP(Y66,20230302Data!A:K,2,FALSE()) -> 小1－2 | AB66: =VLOOKUP(Y66,20230302Data!A:K,3,FALSE()) -> 井上 柚羽 | AC66: =VLOOKUP(Y66,20230302Data!A:K,4,FALSE()) -> 雄一郎 | AD66: =VLOOKUP(Y66,20230302Data!A:K,6,FALSE()) -> 小3－1 | AE66: =VLOOKUP(Y66,20230302Data!A:K,7,FALSE()) -> 井上 柚乃 | AF66: =VLOOKUP(Y66,20230302Data!A:K,8,FALSE()) -> 0 | AG66: =VLOOKUP(Y66,20230302Data!A:K,9,FALSE()) -> 0 | AH66: =SUBSTITUTE(SUBSTITUTE(SUBSTITUTE(Y66,"-",""),"(",""),")","") -> 7702358724 | AI66: =IFERROR(VLOOKUP(AH66,#REF!,3,FALSE()),"")
A67: (470)882-5907 | B67: 65 | C67: 小1－2 | D67: 大河内 彩恵 | E67: 一輝 | F67: (470)-882-5907 | G67: kokochi@hvac.mea.com;mermaid5070@gmail.com | Y67: (470)882-5907 | Z67: kokochi@hvac.mea.com | AA67: =VLOOKUP(Y67,20230302Data!A:K,2,FALSE()) -> 小1－2 | AB67: =VLOOKUP(Y67,20230302Data!A:K,3,FALSE()) -> 大河内 彩恵 | AC67: =VLOOKUP(Y67,20230302Data!A:K,4,FALSE()) -> 一輝 | AD67: =VLOOKUP(Y67,20230302Data!A:K,6,FALSE()) -> 0 | AE67: =VLOOKUP(Y67,20230302Data!A:K,7,FALSE()) -> 0 | AF67: =VLOOKUP(Y67,20230302Data!A:K,8,FALSE()) -> 0 | AG67: =VLOOKUP(Y67,20230302Data!A:K,9,FALSE()) -> 0 | AH67: =SUBSTITUTE(SUBSTITUTE(SUBSTITUTE(Y67,"-",""),"(",""),")","") -> 4708825907 | AI67: =IFERROR(VLOOKUP(AH67,#REF!,3,FALSE()),"")
A68: (770)364-6300 | B68: 66 | C68: 小1－2 | D68: ラザラス スカーレット | E68: クリス | F68: (770)364-6300 | G68: dr.celinelazarus@gmail.com | H68: 小3－1 | I68: ラザラス ジェームス | W68: 運動会委員 | Y68: (770)364-6300 | Z68: dr.celinelazarus@gmail.com | AA68: =VLOOKUP(Y68,20230302Data!A:K,2,FALSE()) -> 小1－2 | AB68: =VLOOKUP(Y68,20230302Data!A:K,3,FALSE()) -> ラザラス スカーレット | AC68: =VLOOKUP(Y68,20230302Data!A:K,4,FALSE()) -> クリス | AD68: =VLOOKUP(Y68,20230302Data!A:K,6,FALSE()) -> 小3－1 | AE68: =VLOOKUP(Y68,20230302Data!A:K,7,FALSE()) -> ラザラス ジェームス | AF68: =VLOOKUP(Y68,20230302Data!A:K,8,FALSE()) -> 0 | AG68: =VLOOKUP(Y68,20230302Data!A:K,9,FALSE()) -> 0 | AH68: =SUBSTITUTE(SUBSTITUTE(SUBSTITUTE(Y68,"-",""),"(",""),")","") -> 7703646300 | AI68: =IFERROR(VLOOKUP(AH68,#REF!,3,FALSE()),"")
A69: (470)807-0696 | B69: 67 | C69: 小1－2 | D69: 石井 希歩 | E69: 喜大 | F69: (470)807-0696 | G69: bigjoy.1414416@gmail.com | H69: 小6－1 | I69: 石井 佑典 | W69: 学級委員 | Y69: (470)807-0696 | Z69: bigjoy.1414416@gmail.com | AA69: =VLOOKUP(Y69,20230302Data!A:K,2,FALSE()) -> 小1－2 | AB69: =VLOOKUP(Y69,20230302Data!A:K,3,FALSE()) -> 石井 希歩 | AC69: =VLOOKUP(Y69,20230302Data!A:K,4,FALSE()) -> 喜大 | AD69: =VLOOKUP(Y69,20230302Data!A:K,6,FALSE()) -> 小6－1 | AE69: =VLOOKUP(Y69,20230302Data!A:K,7,FALSE()) -> 石井 佑典 | AF69: =VLOOKUP(Y69,20230302Data!A:K,8,FALSE()) -> 0 | AG69: =VLOOKUP(Y69,20230302Data!A:K,9,FALSE()) -> 0 | AH69: =SUBSTITUTE(SUBSTITUTE(SUBSTITUTE(Y69,"-",""),"(",""),")","") -> 4708070696 | AI69: =IFERROR(VLOOKUP(AH69,#REF!,3,FALSE()),"")
A70: (470)755-9695 | B70: 68 | C70: 小1ー2 | D70: 川嶋 琉生 | E70: 祐貴 | F70: (470)755-9695 | G70: ayari_kawashima@yahoo.co.jp | H70: 小4－1 | I70: 川嶋 優維 | U70: 44660 | Y70: (470)755-9695 | Z70: ayari_kawashima@yahoo.co.jp | AA70: =VLOOKUP(Y70,20230302Data!A:K,2,FALSE()) -> 小1－2 | AB70: =VLOOKUP(Y70,20230302Data!A:K,3,FALSE()) -> 川嶋 琉生 | AC70: =VLOOKUP(Y70,20230302Data!A:K,4,FALSE()) -> 祐貴 | AD70: =VLOOKUP(Y70,20230302Data!A:K,6,FALSE()) -> 小4－1 | AE70: =VLOOKUP(Y70,20230302Data!A:K,7,FALSE()) -> 川嶋 優維 | AF70: =VLOOKUP(Y70,20230302Data!A:K,8,FALSE()) -> 0 | AG70: =VLOOKUP(Y70,20230302Data!A:K,9,FALSE()) -> 0 | AH70: =SUBSTITUTE(SUBSTITUTE(SUBSTITUTE(Y70,"-",""),"(",""),")","") -> 4707559695 | AI70: =IFERROR(VLOOKUP(AH70,#REF!,3,FALSE()),"")
A71: (470)430-8281 | B71: 69 | C71: 小1ー2 | D71: レビン 海斗 | E71: ベンジャミン | F71: (470)430-8281 | G71: chikosancute@gmail.com | U71: 44716 | Y71: (470)430-8281 | AA71: =VLOOKUP(Y71,20230302Data!A:K,2,FALSE()) -> 小1－2 | AB71: =VLOOKUP(Y71,20230302Data!A:K,3,FALSE()) -> レビン 海斗 | AC71: =VLOOKUP(Y71,20230302Data!A:K,4,FALSE()) -> ベンジャミン | AD71: =VLOOKUP(Y71,20230302Data!A:K,6,FALSE()) -> 0 | AE71: =VLOOKUP(Y71,20230302Data!A:K,7,FALSE()) -> 0 | AF71: =VLOOKUP(Y71,20230302Data!A:K,8,FALSE()) -> 0 | AG71: =VLOOKUP(Y71,20230302Data!A:K,9,FALSE()) -> 0 | AH71: =SUBSTITUTE(SUBSTITUTE(SUBSTITUTE(Y71,"-",""),"(",""),")","") -> 4704308281 | AI71: =IFERROR(VLOOKUP(AH71,#REF!,3,FALSE()),"")
A72: (678)704-9168 | B72: 70 | C72: 小1－3 | D72: 松井 一真 | E72: 甲並 | F72: (678)704-9168 | G72: sato.kom.1128@gmail.com | H72: 小3－2 | I72: 松井 真優 | W72: 運営関係者 | X72: 小１,小３ | Y72: (678)704-9168 | Z72: sato.kom.1128@gmail.com | AA72: =VLOOKUP(Y72,20230302Data!A:K,2,FALSE()) -> 小1－3 | AB72: =VLOOKUP(Y72,20230302Data!A:K,3,FALSE()) -> 松井 一真 | AC72: =VLOOKUP(Y72,20230302Data!A:K,4,FALSE()) -> 甲並 | AD72: =VLOOKUP(Y72,20230302Data!A:K,6,FALSE()) -> 小3－2 | AE72: =VLOOKUP(Y72,20230302Data!A:K,7,FALSE()) -> 松井 真優 | AF72: =VLOOKUP(Y72,20230302Data!A:K,8,FALSE()) -> 0 | AG72: =VLOOKUP(Y72,20230302Data!A:K,9,FALSE()) -> 0 | AH72: =SUBSTITUTE(SUBSTITUTE(SUBSTITUTE(Y72,"-",""),"(",""),")","") -> 6787049168 | AI72: =IFERROR(VLOOKUP(AH72,#REF!,3,FALSE()),"")
A73: (469)688-9008 | B73: 71 | C73: 小1－3 | D73: 柳沢 彪功 | E73: 功 | F73: (469)688-9008 | G73: 30y130s@gmail.com | N73: 45066 | O73: B | W73: 図書委員 | X73: 小１－１ | Y73: (469)688-9008 | Z73: 30y130s@gmail.com | AA73: =VLOOKUP(Y73,20230302Data!A:K,2,FALSE()) -> 小1－3 | AB73: =VLOOKUP(Y73,20230302Data!A:K,3,FALSE()) -> 柳沢 彪功 | AC73: =VLOOKUP(Y73,20230302Data!A:K,4,FALSE()) -> 功 | AD73: =VLOOKUP(Y73,20230302Data!A:K,6,FALSE()) -> 0 | AE73: =VLOOKUP(Y73,20230302Data!A:K,7,FALSE()) -> 0 | AF73: =VLOOKUP(Y73,20230302Data!A:K,8,FALSE()) -> 0 | AG73: =VLOOKUP(Y73,20230302Data!A:K,9,FALSE()) -> 0 | AH73: =SUBSTITUTE(SUBSTITUTE(SUBSTITUTE(Y73,"-",""),"(",""),")","") -> 4696889008 | AI73: =IFERROR(VLOOKUP(AH73,#REF!,3,FALSE()),"")
A74: (770)733-7815 | B74: 72 | C74: 小1－3 | D74: ハリソン 倖 | E74: クリス | F74: (770)733-7815 | G74: nodokaharrison@gmail.com | X74: 小１－３ | Y74: (770)733-7815 | Z74: nodokaharrison@gmail.com | AA74: =VLOOKUP(Y74,20230302Data!A:K,2,FALSE()) -> 小1－3 | AB74: =VLOOKUP(Y74,20230302Data!A:K,3,FALSE()) -> ハリソン 倖 | AC74: =VLOOKUP(Y74,20230302Data!A:K,4,FALSE()) -> クリス | AD74: =VLOOKUP(Y74,20230302Data!A:K,6,FALSE()) -> 0 | AE74: =VLOOKUP(Y74,20230302Data!A:K,7,FALSE()) -> 0 | AF74: =VLOOKUP(Y74,20230302Data!A:K,8,FALSE()) -> 0 | AG74: =VLOOKUP(Y74,20230302Data!A:K,9,FALSE()) -> 0 | AH74: =SUBSTITUTE(SUBSTITUTE(SUBSTITUTE(Y74,"-",""),"(",""),")","") -> 7707337815 | AI74: =IFERROR(VLOOKUP(AH74,#REF!,3,FALSE()),"")
A75: (470)836-2904 | B75: 73 | C75: 小1－3 | D75: 作佐部 岳 | E75: 将 | F75: (470)836-2904 | G75: gakuyuno1098@gmail.com | W75: 運動会委員 | Y75: (470)836-2904 | Z75: gakuyuno1098@gmail.com | AA75: =VLOOKUP(Y75,20230302Data!A:K,2,FALSE()) -> 小1－3 | AB75: =VLOOKUP(Y75,20230302Data!A:K,3,FALSE()) -> 作佐部 岳 | AC75: =VLOOKUP(Y75,20230302Data!A:K,4,FALSE()) -> 将 | AD75: =VLOOKUP(Y75,20230302Data!A:K,6,FALSE()) -> 0 | AE75: =VLOOKUP(Y75,20230302Data!A:K,7,FALSE()) -> 0 | AF75: =VLOOKUP(Y75,20230302Data!A:K,8,FALSE()) -> 0 | AG75: =VLOOKUP(Y75,20230302Data!A:K,9,FALSE()) -> 0 | AH75: =SUBSTITUTE(SUBSTITUTE(SUBSTITUTE(Y75,"-",""),"(",""),")","") -> 4708362904 | AI75: =IFERROR(VLOOKUP(AH75,#REF!,3,FALSE()),"")
A76: (470)925-1574 | B76: 74 | C76: 小1－3 | D76: 松本 悠生 | E76: 伸治 | F76: (470)925-1574 | G76: shinji.m@hotmail.co.jp | H76: 小6－1 | I76: 松本 大輝 | W76: 当番作成委員 | Y76: (470)925-1574 | Z76: shinji.m@hotmail.co.jp | AA76: =VLOOKUP(Y76,20230302Data!A:K,2,FALSE()) -> 小1－3 | AB76: =VLOOKUP(Y76,20230302Data!A:K,3,FALSE()) -> 松本 悠生 | AC76: =VLOOKUP(Y76,20230302Data!A:K,4,FALSE()) -> 伸治 | AD76: =VLOOKUP(Y76,20230302Data!A:K,6,FALSE()) -> 小6－1 | AE76: =VLOOKUP(Y76,20230302Data!A:K,7,FALSE()) -> 松本 大輝 | AF76: =VLOOKUP(Y76,20230302Data!A:K,8,FALSE()) -> 0 | AG76: =VLOOKUP(Y76,20230302Data!A:K,9,FALSE()) -> 0 | AH76: =SUBSTITUTE(SUBSTITUTE(SUBSTITUTE(Y76,"-",""),"(",""),")","") -> 4709251574 | AI76: =IFERROR(VLOOKUP(AH76,#REF!,3,FALSE()),"")
A77: (404)901-4603 | B77: 75 | C77: 小1－3 | D77: 稲森 杏奈 | E77: 礼次郎 | F77: (404)901-4603 | G77: rijun12@gmail.com | H77: 小6－2 | I77: 稲森 新太郎 | J77: 中3－1 | K77: 稲森 恵理子 | W77: 運営関係者 | Y77: (404)901-4603 | Z77: rijun12@gmail.com | AA77: =VLOOKUP(Y77,20230302Data!A:K,2,FALSE()) -> 小1－3 | AB77: =VLOOKUP(Y77,20230302Data!A:K,3,FALSE()) -> 稲森 杏奈 | AC77: =VLOOKUP(Y77,20230302Data!A:K,4,FALSE()) -> 礼次郎 | AD77: =VLOOKUP(Y77,20230302Data!A:K,6,FALSE()) -> 小6－2 | AE77: =VLOOKUP(Y77,20230302Data!A:K,7,FALSE()) -> 稲森 新太郎 | AF77: =VLOOKUP(Y77,20230302Data!A:K,8,FALSE()) -> 中3－1 | AG77: =VLOOKUP(Y77,20230302Data!A:K,9,FALSE()) -> 稲森 恵理子 | AH77: =SUBSTITUTE(SUBSTITUTE(SUBSTITUTE(Y77,"-",""),"(",""),")","") -> 4049014603 | AI77: =IFERROR(VLOOKUP(AH77,#REF!,3,FALSE()),"")
A78: (678)682-1604 | B78: 76 | C78: 小1－3 | D78: 並木 楓 | E78: ポールジョセフ | F78: (678)682-1604 | G78: maikosargent@gmail.com | W78: 当番作成委員 | X78: 小１－３ | Y78: (678)682-1604 | Z78: maikosargent@gmail.com | AA78: =VLOOKUP(Y78,20230302Data!A:K,2,FALSE()) -> 小1－3 | AB78: =VLOOKUP(Y78,20230302Data!A:K,3,FALSE()) -> 並木 楓 | AC78: =VLOOKUP(Y78,20230302Data!A:K,4,FALSE()) -> ポールジョセフ | AD78: =VLOOKUP(Y78,20230302Data!A:K,6,FALSE()) -> 0 | AE78: =VLOOKUP(Y78,20230302Data!A:K,7,FALSE()) -> 0 | AF78: =VLOOKUP(Y78,20230302Data!A:K,8,FALSE()) -> 0 | AG78: =VLOOKUP(Y78,20230302Data!A:K,9,FALSE()) -> 0 | AH78: =SUBSTITUTE(SUBSTITUTE(SUBSTITUTE(Y78,"-",""),"(",""),")","") -> 6786821604 | AI78: =IFERROR(VLOOKUP(AH78,#REF!,3,FALSE()),"")
A79: (678)622-9764 | B79: 77 | C79: 小1－3 | D79: 松野 海咲 | E79: 雅信 | F79: (678)622-9764 | G79: kao.1221.non@gmail.com;msko0621@gmail.com | H79: 小3－2 | I79: 松野 宮臥 | W79: 行事委員 | Y79: (678)622-9764 | Z79: kao.1221.non@gmail.com | AA79: =VLOOKUP(Y79,20230302Data!A:K,2,FALSE()) -> 小1－3 | AB79: =VLOOKUP(Y79,20230302Data!A:K,3,FALSE()) -> 松野 海咲 | AC79: =VLOOKUP(Y79,20230302Data!A:K,4,FALSE()) -> 雅信 | AD79: =VLOOKUP(Y79,20230302Data!A:K,6,FALSE()) -> 小3－2 | AE79: =VLOOKUP(Y79,20230302Data!A:K,7,FALSE()) -> 松野 宮臥 | AF79: =VLOOKUP(Y79,20230302Data!A:K,8,FALSE()) -> 0 | AG79: =VLOOKUP(Y79,20230302Data!A:K,9,FALSE()) -> 0 | AH79: =SUBSTITUTE(SUBSTITUTE(SUBSTITUTE(Y79,"-",""),"(",""),")","") -> 6786229764 | AI79: =IFERROR(VLOOKUP(AH79,#REF!,3,FALSE()),"")
A80: (404)450-3671 | B80: 78 | C80: 小1－3 | D80: 森川 咲空 | E80: 康一 | F80: (404)450-3671 | G80: saoko.1135@gmail.com | H80: 小4－1 | I80: 森川 美桜 | J80: 中1－1 | K80: 森川 礼美 | N80: 4/15.5/27 | O80: C.A | W80: 図書委員 | Y80: (404)450-3671 | Z80: saoko.1135@gmail.com | AA80: =VLOOKUP(Y80,20230302Data!A:K,2,FALSE()) -> 小1－3 | AB80: =VLOOKUP(Y80,20230302Data!A:K,3,FALSE()) -> 森川 咲空 | AC80: =VLOOKUP(Y80,20230302Data!A:K,4,FALSE()) -> 康一 | AD80: =VLOOKUP(Y80,20230302Data!A:K,6,FALSE()) -> 小4－1 | AE80: =VLOOKUP(Y80,20230302Data!A:K,7,FALSE()) -> 森川 美桜 | AF80: =VLOOKUP(Y80,20230302Data!A:K,8,FALSE()) -> 中1－1 | AG80: =VLOOKUP(Y80,20230302Data!A:K,9,FALSE()) -> 森川 礼美 | AH80: =SUBSTITUTE(SUBSTITUTE(SUBSTITUTE(Y80,"-",""),"(",""),")","") -> 4044503671 | AI80: =IFERROR(VLOOKUP(AH80,#REF!,3,FALSE()),"")
A81: (404)764-0966 | B81: 79 | C81: 小1－3 | D81: 二村 美玲 | E81: 公崇 | F81: (404)764-0966 | G81: s.a.y.u.r.i.ftmr@gmail.com | R81: 45066 | S81: B | Y81: (404)764-0966 | Z81: s.a.y.u.r.i.ftmr@gmail.com | AA81: =VLOOKUP(Y81,20230302Data!A:K,2,FALSE()) -> 小1－3 | AB81: =VLOOKUP(Y81,20230302Data!A:K,3,FALSE()) -> 二村 美玲 | AC81: =VLOOKUP(Y81,20230302Data!A:K,4,FALSE()) -> 公崇 | AD81: =VLOOKUP(Y81,20230302Data!A:K,6,FALSE()) -> 0 | AE81: =VLOOKUP(Y81,20230302Data!A:K,7,FALSE()) -> 0 | AF81: =VLOOKUP(Y81,20230302Data!A:K,8,FALSE()) -> 0 | AG81: =VLOOKUP(Y81,20230302Data!A:K,9,FALSE()) -> 0 | AH81: =SUBSTITUTE(SUBSTITUTE(SUBSTITUTE(Y81,"-",""),"(",""),")","") -> 4047640966 | AI81: =IFERROR(VLOOKUP(AH81,#REF!,3,FALSE()),"")
A82: (478)342-6818 | B82: 80 | C82: 小1－3 | D82: 繁泉 凪 | E82: 健 | F82: (478)342-6818 | G82: akkunnmoi@yahoo.co.jp | V82: 45073 | Y82: (478)342-6818 | Z82: akkunnmoi@yahoo.co.jp | AA82: =VLOOKUP(Y82,20230302Data!A:K,2,FALSE()) -> 小1－3 | AB82: =VLOOKUP(Y82,20230302Data!A:K,3,FALSE()) -> 繁泉 凪 | AC82: =VLOOKUP(Y82,20230302Data!A:K,4,FALSE()) -> 健 | AD82: =VLOOKUP(Y82,20230302Data!A:K,6,FALSE()) -> 0 | AE82: =VLOOKUP(Y82,20230302Data!A:K,7,FALSE()) -> 0 | AF82: =VLOOKUP(Y82,20230302Data!A:K,8,FALSE()) -> 0 | AG82: =VLOOKUP(Y82,20230302Data!A:K,9,FALSE()) -> 0 | AH82: =SUBSTITUTE(SUBSTITUTE(SUBSTITUTE(Y82,"-",""),"(",""),")","") -> 4783426818 | AI82: =IFERROR(VLOOKUP(AH82,#REF!,3,FALSE()),"")
A83: (478)319-3212 | B83: 81 | C83: 小1－3 | D83: 藤田 虹夕 | E83: 俊介 | F83: (478)319-3212 | G83: 86nikoniko@gmail.com | H83: 小3－2 | I83: 藤田 虹南 | J83: 小5－1 | K83: 藤田 虹光 | U83: 44660 | W83: 行事委員 | Y83: (478)319-3212 | Z83: 86nikoniko@gmail.com | AA83: =VLOOKUP(Y83,20230302Data!A:K,2,FALSE()) -> 小1－3 | AB83: =VLOOKUP(Y83,20230302Data!A:K,3,FALSE()) -> 藤田 虹夕 | AC83: =VLOOKUP(Y83,20230302Data!A:K,4,FALSE()) -> 俊介 | AD83: =VLOOKUP(Y83,20230302Data!A:K,6,FALSE()) -> 小3－2 | AE83: =VLOOKUP(Y83,20230302Data!A:K,7,FALSE()) -> 藤田 虹南 | AF83: =VLOOKUP(Y83,20230302Data!A:K,8,FALSE()) -> 小5－1 | AG83: =VLOOKUP(Y83,20230302Data!A:K,9,FALSE()) -> 藤田 虹光 | AH83: =SUBSTITUTE(SUBSTITUTE(SUBSTITUTE(Y83,"-",""),"(",""),")","") -> 4783193212 | AI83: =IFERROR(VLOOKUP(AH83,#REF!,3,FALSE()),"")
A84: (404)397-3762 | B84: 82 | C84: 小1－3 | D84: 橋本 彩月 | E84: 佳周 | F84: (404)397-3762 | G84: nachichi726@gmail.com | H84: 小3－2 | I84: 橋本 典沙 | U84: 44779 | Y84: (404)397-3762 | AA84: =VLOOKUP(Y84,20230302Data!A:K,2,FALSE()) -> 小1－3 | AB84: =VLOOKUP(Y84,20230302Data!A:K,3,FALSE()) -> 橋本 彩月 | AC84: =VLOOKUP(Y84,20230302Data!A:K,4,FALSE()) -> 佳周 | AD84: =VLOOKUP(Y84,20230302Data!A:K,6,FALSE()) -> 小3－2 | AE84: =VLOOKUP(Y84,20230302Data!A:K,7,FALSE()) -> 橋本 典沙 | AF84: =VLOOKUP(Y84,20230302Data!A:K,8,FALSE()) -> 0 | AG84: =VLOOKUP(Y84,20230302Data!A:K,9,FALSE()) -> 0 | AH84: =SUBSTITUTE(SUBSTITUTE(SUBSTITUTE(Y84,"-",""),"(",""),")","") -> 4043973762 | AI84: =IFERROR(VLOOKUP(AH84,#REF!,3,FALSE()),"")
A85: (404)499-4949 | B85: 83 | C85: 小1－3 | D85: ハチンズ 桜華 | E85: カール | F85: (404)499-4949 | G85: yuminator81@gmail.com | U85: 44779 | W85: 行事委員 | Y85: (404)499-4949 | AA85: =VLOOKUP(Y85,20230302Data!A:K,2,FALSE()) -> 小1－3 | AB85: =VLOOKUP(Y85,20230302Data!A:K,3,FALSE()) -> ハチンズ 桜華 | AC85: =VLOOKUP(Y85,20230302Data!A:K,4,FALSE()) -> カール | AD85: =VLOOKUP(Y85,20230302Data!A:K,6,FALSE()) -> 0 | AE85: =VLOOKUP(Y85,20230302Data!A:K,7,FALSE()) -> 0 | AF85: =VLOOKUP(Y85,20230302Data!A:K,8,FALSE()) -> 0 | AG85: =VLOOKUP(Y85,20230302Data!A:K,9,FALSE()) -> 0 | AH85: =SUBSTITUTE(SUBSTITUTE(SUBSTITUTE(Y85,"-",""),"(",""),")","") -> 4044994949 | AI85: =IFERROR(VLOOKUP(AH85,#REF!,3,FALSE()),"")
A86: (423)637-2242 | B86: 84 | C86: 小1－3 | D86: 中村 詩 | E86: 陽介 | F86: (423)637-2242 | G86: mikas1986@icloud.com | H86: 小3－1 | I86: 中村 色 | N86: 45045 | O86: D | U86: 44800 | Y86: (423)637-2242 | AA86: =VLOOKUP(Y86,20230302Data!A:K,2,FALSE()) -> 小1－3 | AB86: =VLOOKUP(Y86,20230302Data!A:K,3,FALSE()) -> 中村 詩 | AC86: =VLOOKUP(Y86,20230302Data!A:K,4,FALSE()) -> 陽介 | AD86: =VLOOKUP(Y86,20230302Data!A:K,6,FALSE()) -> 小3－1 | AE86: =VLOOKUP(Y86,20230302Data!A:K,7,FALSE()) -> 中村 色 | AF86: =VLOOKUP(Y86,20230302Data!A:K,8,FALSE()) -> 0 | AG86: =VLOOKUP(Y86,20230302Data!A:K,9,FALSE()) -> 0 | AH86: =SUBSTITUTE(SUBSTITUTE(SUBSTITUTE(Y86,"-",""),"(",""),")","") -> 4236372242 | AI86: =IFERROR(VLOOKUP(AH86,#REF!,3,FALSE()),"")
A87: (470)363-3036 | B87: 85 | C87: 小2－1 | D87: 牟田 悠人 | E87: 隆平 | F87: (470)363-3036 | G87: muttanoie@icloud.com | V87: 45094 | Y87: (470)363-3036 | Z87: muttanoie@icloud.com | AA87: =VLOOKUP(Y87,20230302Data!A:K,2,FALSE()) -> 小2－1 | AB87: =VLOOKUP(Y87,20230302Data!A:K,3,FALSE()) -> 牟田 悠人 | AC87: =VLOOKUP(Y87,20230302Data!A:K,4,FALSE()) -> 隆平 | AD87: =VLOOKUP(Y87,20230302Data!A:K,6,FALSE()) -> 0 | AE87: =VLOOKUP(Y87,20230302Data!A:K,7,FALSE()) -> 0 | AF87: =VLOOKUP(Y87,20230302Data!A:K,8,FALSE()) -> 0 | AG87: =VLOOKUP(Y87,20230302Data!A:K,9,FALSE()) -> 0 | AH87: =SUBSTITUTE(SUBSTITUTE(SUBSTITUTE(Y87,"-",""),"(",""),")","") -> 4703633036 | AI87: =IFERROR(VLOOKUP(AH87,#REF!,3,FALSE()),"")
A88: (404)649-1474 | B88: 86 | C88: 小2－1 | D88: 中村 一覚 | E88: 一公 | F88: (404)649-1474 | G88: ofurosuky@gmail.com | H88: 小4－2 | I88: 中村 慧 | R88: 45031 | S88: D | X88: 小２－１ | Y88: (404)649-1474 | Z88: ofurosuky@gmail.com | AA88: =VLOOKUP(Y88,20230302Data!A:K,2,FALSE()) -> 小2－1 | AB88: =VLOOKUP(Y88,20230302Data!A:K,3,FALSE()) -> 中村 一覚 | AC88: =VLOOKUP(Y88,20230302Data!A:K,4,FALSE()) -> 一公 | AD88: =VLOOKUP(Y88,20230302Data!A:K,6,FALSE()) -> 小4－2 | AE88: =VLOOKUP(Y88,20230302Data!A:K,7,FALSE()) -> 中村 慧 | AF88: =VLOOKUP(Y88,20230302Data!A:K,8,FALSE()) -> 0 | AG88: =VLOOKUP(Y88,20230302Data!A:K,9,FALSE()) -> 0 | AH88: =SUBSTITUTE(SUBSTITUTE(SUBSTITUTE(Y88,"-",""),"(",""),")","") -> 4046491474 | AI88: =IFERROR(VLOOKUP(AH88,#REF!,3,FALSE()),"")
A89: (678)313-7184 | B89: 87 | C89: 小2－1 | D89: 山田 梅 | E89: パルンガオ | F89: (678)313-7184 | G89: yfukiko@gmail.com | Y89: (678)313-7184 | Z89: yfukiko@gmail.com | AA89: =VLOOKUP(Y89,20230302Data!A:K,2,FALSE()) -> 小2－1 | AB89: =VLOOKUP(Y89,20230302Data!A:K,3,FALSE()) -> 山田 梅 | AC89: =VLOOKUP(Y89,20230302Data!A:K,4,FALSE()) -> パルンガオ | AD89: =VLOOKUP(Y89,20230302Data!A:K,6,FALSE()) -> 0 | AE89: =VLOOKUP(Y89,20230302Data!A:K,7,FALSE()) -> 0 | AF89: =VLOOKUP(Y89,20230302Data!A:K,8,FALSE()) -> 0 | AG89: =VLOOKUP(Y89,20230302Data!A:K,9,FALSE()) -> 0 | AH89: =SUBSTITUTE(SUBSTITUTE(SUBSTITUTE(Y89,"-",""),"(",""),")","") -> 6783137184 | AI89: =IFERROR(VLOOKUP(AH89,#REF!,3,FALSE()),"")
A90: (678)308-3389 | B90: 88 | C90: 小2－1 | D90: 持田 莉子 | E90: 紘徳 | F90: (678)308-3389 | G90: 2020mochida@gmail.com | Y90: (678)308-3389 | Z90: 2020mochida@gmail.com | AA90: =VLOOKUP(Y90,20230302Data!A:K,2,FALSE()) -> 小2－1 | AB90: =VLOOKUP(Y90,20230302Data!A:K,3,FALSE()) -> 持田 莉子 | AC90: =VLOOKUP(Y90,20230302Data!A:K,4,FALSE()) -> 紘徳 | AD90: =VLOOKUP(Y90,20230302Data!A:K,6,FALSE()) -> 0 | AE90: =VLOOKUP(Y90,20230302Data!A:K,7,FALSE()) -> 0 | AF90: =VLOOKUP(Y90,20230302Data!A:K,8,FALSE()) -> 0 | AG90: =VLOOKUP(Y90,20230302Data!A:K,9,FALSE()) -> 0 | AH90: =SUBSTITUTE(SUBSTITUTE(SUBSTITUTE(Y90,"-",""),"(",""),")","") -> 6783083389 | AI90: =IFERROR(VLOOKUP(AH90,#REF!,3,FALSE()),"")
A91: (770)547-2230 | B91: 89 | C91: 小2－1 | D91: 渡辺 日加里 | E91: 亮 | F91: (770)547-2230 | G91: nobitalian.naomism703@gmail.com | P91: 45052 | Q91: A | Y91: (770)547-2230 | Z91: nobitalian.naomism703@gmail.com | AA91: =VLOOKUP(Y91,20230302Data!A:K,2,FALSE()) -> 小2－1 | AB91: =VLOOKUP(Y91,20230302Data!A:K,3,FALSE()) -> 渡辺 日加里 | AC91: =VLOOKUP(Y91,20230302Data!A:K,4,FALSE()) -> 亮 | AD91: =VLOOKUP(Y91,20230302Data!A:K,6,FALSE()) -> 0 | AE91: =VLOOKUP(Y91,20230302Data!A:K,7,FALSE()) -> 0 | AF91: =VLOOKUP(Y91,20230302Data!A:K,8,FALSE()) -> 0 | AG91: =VLOOKUP(Y91,20230302Data!A:K,9,FALSE()) -> 0 | AH91: =SUBSTITUTE(SUBSTITUTE(SUBSTITUTE(Y91,"-",""),"(",""),")","") -> 7705472230 | AI91: =IFERROR(VLOOKUP(AH91,#REF!,3,FALSE()),"")
A92: (404)324-2239 | B92: 90 | C92: 小2－1 | D92: 福田 光希 | E92: 孝志 | F92: (404)324-2239 | G92: mrkfk12819@gmail.com | V92: 45038 | Y92: (404)324-2239 | Z92: mrkfk12819@gmail.com | AA92: =VLOOKUP(Y92,20230302Data!A:K,2,FALSE()) -> 小2－1 | AB92: =VLOOKUP(Y92,20230302Data!A:K,3,FALSE()) -> 福田 光希 | AC92: =VLOOKUP(Y92,20230302Data!A:K,4,FALSE()) -> 孝志 | AD92: =VLOOKUP(Y92,20230302Data!A:K,6,FALSE()) -> 0 | AE92: =VLOOKUP(Y92,20230302Data!A:K,7,FALSE()) -> 0 | AF92: =VLOOKUP(Y92,20230302Data!A:K,8,FALSE()) -> 0 | AG92: =VLOOKUP(Y92,20230302Data!A:K,9,FALSE()) -> 0 | AH92: =SUBSTITUTE(SUBSTITUTE(SUBSTITUTE(Y92,"-",""),"(",""),")","") -> 4043242239 | AI92: =IFERROR(VLOOKUP(AH92,#REF!,3,FALSE()),"")
A93: (859)619-9062 | B93: 91 | C93: 小2－1 | D93: 鈴木 蘭 | E93: 壮平 | F93: (859)619-9062 | G93: sohei_suzuki1983@yahoo.co.jp | N93: 45073 | O93: E | W93: 行事委員 | Y93: (859)619-9062 | Z93: sohei_suzuki1983@yahoo.co.jp | AA93: =VLOOKUP(Y93,20230302Data!A:K,2,FALSE()) -> 小2－1 | AB93: =VLOOKUP(Y93,20230302Data!A:K,3,FALSE()) -> 鈴木 蘭 | AC93: =VLOOKUP(Y93,20230302Data!A:K,4,FALSE()) -> 壮平 | AD93: =VLOOKUP(Y93,20230302Data!A:K,6,FALSE()) -> 0 | AE93: =VLOOKUP(Y93,20230302Data!A:K,7,FALSE()) -> 0 | AF93: =VLOOKUP(Y93,20230302Data!A:K,8,FALSE()) -> 0 | AG93: =VLOOKUP(Y93,20230302Data!A:K,9,FALSE()) -> 0 | AH93: =SUBSTITUTE(SUBSTITUTE(SUBSTITUTE(Y93,"-",""),"(",""),")","") -> 8596199062 | AI93: =IFERROR(VLOOKUP(AH93,#REF!,3,FALSE()),"")
A94: (404)861-3735 | B94: 92 | C94: 小2－1 | D94: 大竹 愛子 | E94: MABRY | F94: (404)861-3735 | G94: biggreenbamboo@gmail.com | N94: 45052 | O94: A | W94: 図書委員 | X94: 小２－１ | Y94: (404)861-3735 | Z94: biggreenbamboo@gmail.com | AA94: =VLOOKUP(Y94,20230302Data!A:K,2,FALSE()) -> 小2－1 | AB94: =VLOOKUP(Y94,20230302Data!A:K,3,FALSE()) -> 大竹 愛子 | AC94: =VLOOKUP(Y94,20230302Data!A:K,4,FALSE()) -> MABRY | AD94: =VLOOKUP(Y94,20230302Data!A:K,6,FALSE()) -> 0 | AE94: =VLOOKUP(Y94,20230302Data!A:K,7,FALSE()) -> 0 | AF94: =VLOOKUP(Y94,20230302Data!A:K,8,FALSE()) -> 0 | AG94: =VLOOKUP(Y94,20230302Data!A:K,9,FALSE()) -> 0 | AH94: =SUBSTITUTE(SUBSTITUTE(SUBSTITUTE(Y94,"-",""),"(",""),")","") -> 4048613735 | AI94: =IFERROR(VLOOKUP(AH94,#REF!,3,FALSE()),"")
A95: (423)237-4248 | B95: 93 | C95: 小2－1 | D95: 鈴木 梨央 | E95: 弘樹 | F95: (423)237-4248 | G95: s.a.k.i.k.o2933@gmail.com | H95: 小4－2 | I95: 鈴木 煌生 | U95: 44695 | Y95: (423)237-4248 | Z95: s.a.k.i.k.o2933@gmail.com | AA95: =VLOOKUP(Y95,20230302Data!A:K,2,FALSE()) -> 小2－1 | AB95: =VLOOKUP(Y95,20230302Data!A:K,3,FALSE()) -> 鈴木 梨央 | AC95: =VLOOKUP(Y95,20230302Data!A:K,4,FALSE()) -> 弘樹 | AD95: =VLOOKUP(Y95,20230302Data!A:K,6,FALSE()) -> 小4－2 | AE95: =VLOOKUP(Y95,20230302Data!A:K,7,FALSE()) -> 鈴木 煌生 | AF95: =VLOOKUP(Y95,20230302Data!A:K,8,FALSE()) -> 0 | AG95: =VLOOKUP(Y95,20230302Data!A:K,9,FALSE()) -> 0 | AH95: =SUBSTITUTE(SUBSTITUTE(SUBSTITUTE(Y95,"-",""),"(",""),")","") -> 4232374248 | AI95: =IFERROR(VLOOKUP(AH95,#REF!,3,FALSE()),"")
A96: (404)640-9700 | B96: 94 | C96: 小2－1 | D96: 大嶋 希海 | E96: 仁海 | F96: (404)640-9700 | G96: piyoko119@icloud.com | H96: 小4－1 | I96: 大嶋 七海 | U96: 44807 | W96: 学級委員 | Y96: (404)640-9700 | AA96: =VLOOKUP(Y96,20230302Data!A:K,2,FALSE()) -> 小2－1 | AB96: =VLOOKUP(Y96,20230302Data!A:K,3,FALSE()) -> 大嶋 希海 | AC96: =VLOOKUP(Y96,20230302Data!A:K,4,FALSE()) -> 仁海 | AD96: =VLOOKUP(Y96,20230302Data!A:K,6,FALSE()) -> 小4－1 | AE96: =VLOOKUP(Y96,20230302Data!A:K,7,FALSE()) -> 大嶋 七海 | AF96: =VLOOKUP(Y96,20230302Data!A:K,8,FALSE()) -> 0 | AG96: =VLOOKUP(Y96,20230302Data!A:K,9,FALSE()) -> 0 | AH96: =SUBSTITUTE(SUBSTITUTE(SUBSTITUTE(Y96,"-",""),"(",""),")","") -> 4046409700 | AI96: =IFERROR(VLOOKUP(AH96,#REF!,3,FALSE()),"")
A97: (734)233-8911 | B97: 95 | C97: 小2－2 | D97: 髙木 武蔵 | E97: 慶一郎 | F97: (734)233-8911 | G97: hirokororin65@gmail.com | H97: 小4－1 | I97: 髙木 凌磨 | W97: 運営関係者 | X97: 小２,小４ | Y97: (734)233-8911 | Z97: hirokororin65@gmail.com | AA97: =VLOOKUP(Y97,20230302Data!A:K,2,FALSE()) -> 小2－2 | AB97: =VLOOKUP(Y97,20230302Data!A:K,3,FALSE()) -> 髙木 武蔵 | AC97: =VLOOKUP(Y97,20230302Data!A:K,4,FALSE()) -> 慶一郎 | AD97: =VLOOKUP(Y97,20230302Data!A:K,6,FALSE()) -> 小4－1 | AE97: =VLOOKUP(Y97,20230302Data!A:K,7,FALSE()) -> 髙木 凌磨 | AF97: =VLOOKUP(Y97,20230302Data!A:K,8,FALSE()) -> 0 | AG97: =VLOOKUP(Y97,20230302Data!A:K,9,FALSE()) -> 0 | AH97: =SUBSTITUTE(SUBSTITUTE(SUBSTITUTE(Y97,"-",""),"(",""),")","") -> 7342338911 | AI97: =IFERROR(VLOOKUP(AH97,#REF!,3,FALSE()),"")
A98: (770)689-9122 | B98: 96 | C98: 小2－2 | D98: 川西 哲人 | E98: 洋平 | F98: (770)689-9122 | G98: yuzuiro1210.ga@gmail.com;yohei.k@ryosho.com | H98: 小5－1 | I98: 川西 悠斗 | J98: 中3－1 | K98: 川西 葵 | Y98: (770)689-9122 | Z98: yuzuiro1210.ga@gmail.com | AA98: =VLOOKUP(Y98,20230302Data!A:K,2,FALSE()) -> 小2－2 | AB98: =VLOOKUP(Y98,20230302Data!A:K,3,FALSE()) -> 川西 哲人 | AC98: =VLOOKUP(Y98,20230302Data!A:K,4,FALSE()) -> 洋平 | AD98: =VLOOKUP(Y98,20230302Data!A:K,6,FALSE()) -> 小5－1 | AE98: =VLOOKUP(Y98,20230302Data!A:K,7,FALSE()) -> 川西 悠斗 | AF98: =VLOOKUP(Y98,20230302Data!A:K,8,FALSE()) -> 中3－1 | AG98: =VLOOKUP(Y98,20230302Data!A:K,9,FALSE()) -> 川西 葵 | AH98: =SUBSTITUTE(SUBSTITUTE(SUBSTITUTE(Y98,"-",""),"(",""),")","") -> 7706899122 | AI98: =IFERROR(VLOOKUP(AH98,#REF!,3,FALSE()),"")
A99: (470)409-4230 | B99: 97 | C99: 小2－2 | D99: 重久 睦斉 | E99: 義幸 | F99: (470)409-4230 | G99: rrk.shige@gmail.com | H99: 中1－1 | I99: 重久 瑚奈 | W99: 運営関係者 | X99: 小２,中１ー１ | Y99: (470)409-4230 | Z99: rrk.shige@gmail.com | AA99: =VLOOKUP(Y99,20230302Data!A:K,2,FALSE()) -> 小2－2 | AB99: =VLOOKUP(Y99,20230302Data!A:K,3,FALSE()) -> 重久 睦斉 | AC99: =VLOOKUP(Y99,20230302Data!A:K,4,FALSE()) -> 義幸 | AD99: =VLOOKUP(Y99,20230302Data!A:K,6,FALSE()) -> 中1－1 | AE99: =VLOOKUP(Y99,20230302Data!A:K,7,FALSE()) -> 重久 瑚奈 | AF99: =VLOOKUP(Y99,20230302Data!A:K,8,FALSE()) -> 高1 | AG99: =VLOOKUP(Y99,20230302Data!A:K,9,FALSE()) -> 重久 凜乃 | AH99: =SUBSTITUTE(SUBSTITUTE(SUBSTITUTE(Y99,"-",""),"(",""),")","") -> 4704094230 | AI99: =IFERROR(VLOOKUP(AH99,#REF!,3,FALSE()),"")
A100: (770)573-9604 | B100: 98 | C100: 小2－2 | D100: 田中 宏弥 | E100: 正則 | F100: (770)573-9604 | G100: mrs.reiko@gmail.com | H100: 小2－3 | I100: 田中 伸弥 | J100: 中1－1 | K100: 田中 孝治 | W100: 運営関係者 | X100: 小２－２,小２－３,中１－１ | Y100: (770)573-9604 | Z100: mrs.reiko@gmail.com | AA100: =VLOOKUP(Y100,20230302Data!A:K,2,FALSE()) -> 小2－2 | AB100: =VLOOKUP(Y100,20230302Data!A:K,3,FALSE()) -> 田中 宏弥 | AC100: =VLOOKUP(Y100,20230302Data!A:K,4,FALSE()) -> 正則 | AD100: =VLOOKUP(Y100,20230302Data!A:K,6,FALSE()) -> 小2－3 | AE100: =VLOOKUP(Y100,20230302Data!A:K,7,FALSE()) -> 田中 伸弥 | AF100: =VLOOKUP(Y100,20230302Data!A:K,8,FALSE()) -> 中1－1 | AG100: =VLOOKUP(Y100,20230302Data!A:K,9,FALSE()) -> 田中 孝治 | AH100: =SUBSTITUTE(SUBSTITUTE(SUBSTITUTE(Y100,"-",""),"(",""),")","") -> 7705739604 | AI100: =IFERROR(VLOOKUP(AH100,#REF!,3,FALSE()),"")
...

Sheet 20230302Data
A1: TEL番号 | B1: 学年組 | C1: 氏 名 | D1: 保護者名 | E1: TEL番号 | F1: 兄姉２ | G1: 兄姉氏名 | H1: 兄姉３ | I1: 兄姉氏名 | J1: 兄姉４ | K1: 兄姉氏名 | L1: vlookup with Master2023 | M1: vlookup with Master2022
A2: (678)727-6990 | B2: 幼 ゆり | C2: 田代 匠 | D2: 悠一郎 | E2: (678)727-6990 | F2: 小4－1 | G2: 田代 実 | L2: =VLOOKUP(A2,'2023当番マスター(旧)'!A:D,4,FALSE()) -> 田代 匠 | M2: =VLOOKUP(A2,2022当番マスター!A:E,4,FALSE()) -> 田代 匠
A3: (478)228-9270 | B3: 幼 ゆり | C3: 高瀬 瑛太 | D3: 良平 | E3: (478)228-9270 | F3: 小3－1 | G3: 高瀬 翔太 | L3: =VLOOKUP(A3,'2023当番マスター(旧)'!A:D,4,FALSE()) -> 高瀬 瑛太 | M3: =VLOOKUP(A3,2022当番マスター!A:E,4,FALSE()) -> 高瀬 瑛太
A4: (646)345-9335 | B4: 幼 ゆり | C4: 船戸 建志 | D4: 洸佑 | E4: (646)345-9335 | L4: =VLOOKUP(A4,'2023当番マスター(旧)'!A:D,4,FALSE()) -> 船戸 建志 | M4: =VLOOKUP(A4,2022当番マスター!A:E,4,FALSE()) -> 船戸 建志
A5: (678)308-1514 | B5: 幼 ゆり | C5: 津田 悠真 | D5: 真矢 | E5: (678)308-1514 | F5: 小2－2 | G5: 津田 真咲 | L5: =VLOOKUP(A5,'2023当番マスター(旧)'!A:D,4,FALSE()) -> 津田 悠真 | M5: =VLOOKUP(A5,2022当番マスター!A:E,4,FALSE()) -> 津田 悠真
A6: (240)602-4877 | B6: 幼 ゆり | C6: 渡部 浩市 | D6: 浩 | E6: (240)602-4877 | F6: 小2－1 | G6: 渡部 公太 | L6: =VLOOKUP(A6,'2023当番マスター(旧)'!A:D,4,FALSE()) -> 渡部 浩市 | M6: =VLOOKUP(A6,2022当番マスター!A:E,4,FALSE()) -> 渡部 浩市
A7: (470)796-0060 | B7: 幼 ゆり | C7: 塚越 豊 | D7: 肇 | E7: (470)796-0060 | L7: =VLOOKUP(A7,'2023当番マスター(旧)'!A:D,4,FALSE()) -> 塚越 豊 | M7: =VLOOKUP(A7,2022当番マスター!A:E,4,FALSE()) -> 塚越 豊
A8: (513)857-8977 | B8: 幼 ゆり | C8: 齋藤 翔 | D8: 正昭 | E8: (513)857-8977 | L8: =VLOOKUP(A8,'2023当番マスター(旧)'!A:D,4,FALSE()) -> 齋藤 翔 | M8: =VLOOKUP(A8,2022当番マスター!A:E,4,FALSE()) -> 齋藤 翔
A9: (424)201-9432 | B9: 幼 ゆり | C9: 清水 悠羽 | D9: 純雄 | E9: (424)201-9432 | L9: =VLOOKUP(A9,'2023当番マスター(旧)'!A:D,4,FALSE()) -> 清水 悠羽 | M9: =VLOOKUP(A9,2022当番マスター!A:E,4,FALSE()) -> 清水 悠羽
A10: (678)576-4453 | B10: 幼 ゆり | C10: 西島 江真 | D10: 裕介 | E10: (678)576-4453 | F10: 小2－1 | G10: 西島 浩貴 | L10: =VLOOKUP(A10,'2023当番マスター(旧)'!A:D,4,FALSE()) -> 西島 江真 | M10: =VLOOKUP(A10,2022当番マスター!A:E,4,FALSE()) -> 西島 江真
A11: (770)235-8197 | B11: 幼 ゆり | C11: 岩戸 友莉菜 | D11: 友宏 | E11: (770)235-8197 | L11: =VLOOKUP(A11,'2023当番マスター(旧)'!A:D,4,FALSE()) -> 岩戸 友莉菜 | M11: =VLOOKUP(A11,2022当番マスター!A:E,4,FALSE()) -> 岩戸 友莉菜
A12: (678)575-8187 | B12: 幼 ゆり | C12: 江川 椎香 | D12: 良 | E12: (678)575-8187 | F12: 小2－3 | G12: 江川 紗彩 | L12: =VLOOKUP(A12,'2023当番マスター(旧)'!A:D,4,FALSE()) -> 江川 椎香 | M12: =VLOOKUP(A12,2022当番マスター!A:E,4,FALSE()) -> #N/A
A13: (404)771-9497 | B13: 幼 ゆり | C13: 木下 さら | D13: 博登 | E13: (404)771-9497 | L13: =VLOOKUP(A13,'2023当番マスター(旧)'!A:D,4,FALSE()) -> 木下 さら | M13: =VLOOKUP(A13,2022当番マスター!A:E,4,FALSE()) -> 木下 さら
A14: (470)488-9747 | B14: 幼 ゆり | C14: 冨永 奈央 | D14: 浩平 | E14: (470)488-9747 | F14: 小2－1 | G14: 冨永 純平 | L14: =VLOOKUP(A14,'2023当番マスター(旧)'!A:D,4,FALSE()) -> 冨永 奈央 | M14: =VLOOKUP(A14,2022当番マスター!A:E,4,FALSE()) -> 冨永 奈央
A15: (678)677-1769 | B15: 幼 ゆり | C15: ホーイ 碧蘭 | D15: テリー | E15: (678)677-1769 | L15: =VLOOKUP(A15,'2023当番マスター(旧)'!A:D,4,FALSE()) -> ホーイ 碧蘭 | M15: =VLOOKUP(A15,2022当番マスター!A:E,4,FALSE()) -> ホーイ 碧蘭
A16: (770)235-1224 | B16: 幼 ゆり | C16: 六反 梛月 | D16: 耕太 | E16: (770)235-1224 | F16: 小3－2 | G16: 六反 千遥 | H16: 小5－1 | I16: 六反 智葵 | L16: =VLOOKUP(A16,'2023当番マスター(旧)'!A:D,4,FALSE()) -> 六反 梛月 | M16: =VLOOKUP(A16,2022当番マスター!A:E,4,FALSE()) -> 六反 梛月
A17: (470)269-6658 | B17: 幼 ゆり | C17: 伊藤 みずき | D17: 敦史 | E17: (470)269-6658 | F17: 小2－2 | G17: 伊藤 さくら | H17: 小2－3 | I17: 伊藤 あずさ | L17: =VLOOKUP(A17,'2023当番マスター(旧)'!A:D,4,FALSE()) -> 伊藤 みずき | M17: =VLOOKUP(A17,2022当番マスター!A:E,4,FALSE()) -> 伊藤 みずき
A18: (678)464-7084 | B18: 幼 ゆり | C18: 川部 和紗 | D18: 亘 | E18: (678)464-7084 | F18: 小2－1 | G18: 川部 楓太 | L18: =VLOOKUP(A18,'2023当番マスター(旧)'!A:D,4,FALSE()) -> 川部 和紗 | M18: =VLOOKUP(A18,2022当番マスター!A:E,4,FALSE()) -> 川部 和紗
A19: (470)576-0018 | B19: 幼 ゆり | C19: 佐藤 友紀美 | D19: 清隆 | E19: (470)576-0018 | F19: 小2－1 | G19: 佐藤 清花 | H19: 小4－1 | I19: 佐藤 ほのか | L19: =VLOOKUP(A19,'2023当番マスター(旧)'!A:D,4,FALSE()) -> 佐藤 友紀美 | M19: =VLOOKUP(A19,2022当番マスター!A:E,4,FALSE()) -> 佐藤 友紀美
A20: (706)766-2725 | B20: 幼 もも | C20: 山﨑 圭悟 | D20: 智昭 | E20: (706)766-2725 | L20: =VLOOKUP(A20,'2023当番マスター(旧)'!A:D,4,FALSE()) -> 山﨑 圭悟 | M20: =VLOOKUP(A20,2022当番マスター!A:E,4,FALSE()) -> 山﨑 圭悟
A21: (770)580-9260 | B21: 幼 もも | C21: 宮嶋 悠一郎 | D21: 望 | E21: (770)580-9260 | F21: 小3－1 | G21: 宮嶋 希子 | L21: =VLOOKUP(A21,'2023当番マスター(旧)'!A:D,4,FALSE()) -> 宮嶋 悠一郎 | M21: =VLOOKUP(A21,2022当番マスター!A:E,4,FALSE()) -> 宮嶋 悠一郎
A22: (678)237-1373 | B22: 幼 もも | C22: 山口 将太 | D22: 圭介 | E22: (678)237-1373 | F22: 中2－1 | G22: 山口 美奈子 | L22: =VLOOKUP(A22,'2023当番マスター(旧)'!A:D,4,FALSE()) -> 山口 将太 | M22: =VLOOKUP(A22,2022当番マスター!A:E,4,FALSE()) -> 山口 将太
A23: (678)371-0304 | B23: 幼 もも | C23: 池永 海生 | D23: ジャック | E23: (678)371-0304 | F23: 小2－1 | G23: 池永 眞弥 | L23: =VLOOKUP(A23,'2023当番マスター(旧)'!A:D,4,FALSE()) -> 池永 海生 | M23: =VLOOKUP(A23,2022当番マスター!A:E,4,FALSE()) -> 池永 海生
A24: (678)296-7245 | B24: 幼 もも | C24: 小田 哲哉 | D24: 康史 | E24: (678)296-7245 | F24: 小2－2 | G24: 小田 彰士 | L24: =VLOOKUP(A24,'2023当番マスター(旧)'!A:D,4,FALSE()) -> 小田 哲哉 | M24: =VLOOKUP(A24,2022当番マスター!A:E,4,FALSE()) -> 小田 哲哉
A25: (706)980-3859 | B25: 幼 もも | C25: 作元 瑛太 | D25: 正和 | E25: (706)980-3859 | F25: 小4－1 | G25: 作元 要太 | L25: =VLOOKUP(A25,'2023当番マスター(旧)'!A:D,4,FALSE()) -> #N/A | M25: =VLOOKUP(A25,2022当番マスター!A:E,4,FALSE()) -> 作元 瑛太
A26: (310)809-5341 | B26: 幼 もも | C26: 西 竜輝 | D26: 佑樹 | E26: (310)809-5341 | F26: 小4－1 | G26: 西 朝輝 | H26: 小5－1 | I26: 西 美咲 | L26: =VLOOKUP(A26,'2023当番マスター(旧)'!A:D,4,FALSE()) -> 西 竜輝 | M26: =VLOOKUP(A26,2022当番マスター!A:E,4,FALSE()) -> 西 竜輝
A27: (704)654-0730 | B27: 幼 もも | C27: 鈴木 康平 | D27: 秀典 | E27: (704)654-0730 | L27: =VLOOKUP(A27,'2023当番マスター(旧)'!A:D,4,FALSE()) -> 鈴木 康平 | M27: =VLOOKUP(A27,2022当番マスター!A:E,4,FALSE()) -> 鈴木 康平
A28: (470)519-5525 | B28: 幼 もも | C28: 山根 悠希 | D28: 聡 | E28: (470)519-5525 | F28: 小2－1 | G28: 山根 綾乃 | H28: 小5－2 | I28: 山根 陸 | L28: =VLOOKUP(A28,'2023当番マスター(旧)'!A:D,4,FALSE()) -> 山根 悠希 | M28: =VLOOKUP(A28,2022当番マスター!A:E,4,FALSE()) -> 山根 悠希
A29: (352)284-4615 | B29: 幼 もも | C29: 篠原 佳也 | D29: マイカ | E29: (352)284-4615 | L29: =VLOOKUP(A29,'2023当番マスター(旧)'!A:D,4,FALSE()) -> 篠原 佳也 | M29: =VLOOKUP(A29,2022当番マスター!A:E,4,FALSE()) -> 篠原 佳也
A30: (678)200-3387 | B30: 幼 もも | C30: 近藤 さくら | D30: 政樹 | E30: (678)200-3387 | F30: 小2－3 | G30: 近藤 巧 | L30: =VLOOKUP(A30,'2023当番マスター(旧)'!A:D,4,FALSE()) -> 近藤 さくら | M30: =VLOOKUP(A30,2022当番マスター!A:E,4,FALSE()) -> 近藤 さくら
A31: (404)202-3437 | B31: 幼 もも | C31: 富澤 結衣 | D31: 明 | E31: (404)202-3437 | L31: =VLOOKUP(A31,'2023当番マスター(旧)'!A:D,4,FALSE()) -> 富澤 結衣 | M31: =VLOOKUP(A31,2022当番マスター!A:E,4,FALSE()) -> 富澤 結衣
A32: (678)897-3721 | B32: 幼 もも | C32: 林 美和 | D32: 悠 | E32: (678)897-3721 | F32: 小2－3 | G32: 林 美桜 | L32: =VLOOKUP(A32,'2023当番マスター(旧)'!A:D,4,FALSE()) -> 林 美和 | M32: =VLOOKUP(A32,2022当番マスター!A:E,4,FALSE()) -> 林 美和
A33: (678)315-9092 | B33: 幼 もも | C33: 益田 華 | D33: 拓朗 | E33: (678)315-9092 | L33: =VLOOKUP(A33,'2023当番マスター(旧)'!A:D,4,FALSE()) -> 益田 華 | M33: =VLOOKUP(A33,2022当番マスター!A:E,4,FALSE()) -> 益田 華
A34: (706)934-3352 | B34: 幼 もも | C34: 森本 七瀬 | D34: 祐輔 | E34: (706)934-3352 | L34: =VLOOKUP(A34,'2023当番マスター(旧)'!A:D,4,FALSE()) -> 森本 七瀬 | M34: =VLOOKUP(A34,2022当番マスター!A:E,4,FALSE()) -> 森本 七瀬
A35: (404)429-0867 | B35: 幼 もも | C35: 綾部 櫻 | D35: ファリス | E35: (404)429-0867 | F35: 小1－3 | G35: 綾部 賢造 | L35: =VLOOKUP(A35,'2023当番マスター(旧)'!A:D,4,FALSE()) -> 綾部 櫻 | M35: =VLOOKUP(A35,2022当番マスター!A:E,4,FALSE()) -> 綾部 櫻
A36: (678)446-9466 | B36: 幼 もも | C36: 木本 咲衣 | D36: 匠 | E36: (678)446-9466 | F36: 小2－3 | G36: 木本 陽真 | L36: =VLOOKUP(A36,'2023当番マスター(旧)'!A:D,4,FALSE()) -> #N/A | M36: =VLOOKUP(A36,2022当番マスター!A:E,4,FALSE()) -> 木本 咲衣
A37: (770)314-7618 | B37: 幼 もも | C37: 磯部 美桜 | D37: 大介 | E37: (770)314-7618 | F37: 小3－2 | G37: 磯部 侑理 | L37: =VLOOKUP(A37,'2023当番マスター(旧)'!A:D,4,FALSE()) -> 磯部 美桜 | M37: =VLOOKUP(A37,2022当番マスター!A:E,4,FALSE()) -> 磯部 美桜
A38: (678)571-3691 | B38: 幼 もも | C38: 神村 咲奈 | D38: 洋介 | E38: (678)571-3691 | L38: =VLOOKUP(A38,'2023当番マスター(旧)'!A:D,4,FALSE()) -> 神村 咲奈 | M38: =VLOOKUP(A38,2022当番マスター!A:E,4,FALSE()) -> 神村 咲奈
A39: (770)309-3296 | B39: 小1－1 | C39: 上原 圭翔 | D39: 悠 | E39: (770)309-3296 | L39: =VLOOKUP(A39,'2023当番マスター(旧)'!A:D,4,FALSE()) -> 上原 圭翔 | M39: =VLOOKUP(A39,2022当番マスター!A:E,4,FALSE()) -> 上原 圭翔
A40: (770)885-5784 | B40: 小1－1 | C40: 鈴木 賢斗 | D40: ジェームス | E40: (770)885-5784 | L40: =VLOOKUP(A40,'2023当番マスター(旧)'!A:D,4,FALSE()) -> 鈴木 賢斗 | M40: =VLOOKUP(A40,2022当番マスター!A:E,4,FALSE()) -> 鈴木 賢斗
A41: (470)323-2313 | B41: 小1－1 | C41: 齋藤 鉄平 | D41: 甲侍 | E41: (470)323-2313 | F41: 小3－1 | G41: 齋藤 理子 | L41: =VLOOKUP(A41,'2023当番マスター(旧)'!A:D,4,FALSE()) -> 齋藤 鉄平 | M41: =VLOOKUP(A41,2022当番マスター!A:E,4,FALSE()) -> 齋藤 鉄平
A42: (470)758-0428 | B42: 小1－1 | C42: 渡辺 琳久 | D42: 哲也 | E42: (470)758-0428 | F42: 小4－2 | G42: 渡辺 遼 | L42: =VLOOKUP(A42,'2023当番マスター(旧)'!A:D,4,FALSE()) -> 渡辺 琳久 | M42: =VLOOKUP(A42,2022当番マスター!A:E,4,FALSE()) -> 渡辺 琳久
A43: (423)309-0395 | B43: 小1－1 | C43: 井手 康平 | D43: 悟 | E43: (423)309-0395 | F43: 中2－1 | G43: 井手 優花 | L43: =VLOOKUP(A43,'2023当番マスター(旧)'!A:D,4,FALSE()) -> 井手 康平 | M43: =VLOOKUP(A43,2022当番マスター!A:E,4,FALSE()) -> 井手 康平
A44: (614)623-8213 | B44: 小1－1 | C44: 小島 蒔人 | D44: 薫 | E44: (614)623-8213 | F44: 中1－1 | G44: 小島 蒼 | L44: =VLOOKUP(A44,'2023当番マスター(旧)'!A:D,4,FALSE()) -> 小島 蒔人 | M44: =VLOOKUP(A44,2022当番マスター!A:E,4,FALSE()) -> 小島 蒔人
A45: (770)695-4988 | B45: 小1－1 | C45: 松田 悠生 | D45: 陽介 | E45: (770)695-4988 | L45: =VLOOKUP(A45,'2023当番マスター(旧)'!A:D,4,FALSE()) -> 松田 悠生 | M45: =VLOOKUP(A45,2022当番マスター!A:E,4,FALSE()) -> 松田 悠生
A46: (678)882-6834 | B46: 小1－1 | C46: 良原 渓太 | D46: 伸幸 | E46: (678)882-6834 | F46: 小6－1 | G46: 良原 康太 | L46: =VLOOKUP(A46,'2023当番マスター(旧)'!A:D,4,FALSE()) -> 良原 渓太 | M46: =VLOOKUP(A46,2022当番マスター!A:E,4,FALSE()) -> 良原 渓太
A47: (478)484-9636 | B47: 小1－1 | C47: 髙田 昂汰 | D47: 優吾 | E47: (478)484-9636 | F47: 小3－1 | G47: 髙田 湊介 | L47: =VLOOKUP(A47,'2023当番マスター(旧)'!A:D,4,FALSE()) -> 髙田 昂汰 | M47: =VLOOKUP(A47,2022当番マスター!A:E,4,FALSE()) -> 髙田 昂汰
A48: (423)490-5130 | B48: 小1－1 | C48: 岩田 健孟 | D48: 達則 | E48: (423)490-5130 | L48: =VLOOKUP(A48,'2023当番マスター(旧)'!A:D,4,FALSE()) -> 岩田 健孟 | M48: =VLOOKUP(A48,2022当番マスター!A:E,4,FALSE()) -> 岩田 健孟
A49: (310)755-9862 | B49: 小1－1 | C49: 内山 綾士 | D49: 祐紀 | E49: (310)755-9862 | L49: =VLOOKUP(A49,'2023当番マスター(旧)'!A:D,4,FALSE()) -> 内山 綾士 | M49: =VLOOKUP(A49,2022当番マスター!A:E,4,FALSE()) -> 内山 綾士
A50: (917)860-4899 | B50: 小1－1 | C50: ハイマン 多莉明 | D50: ラリー | E50: (917)860-4899 | L50: =VLOOKUP(A50,'2023当番マスター(旧)'!A:D,4,FALSE()) -> ハイマン 多莉明 | M50: =VLOOKUP(A50,2022当番マスター!A:E,4,FALSE()) -> ハイマン 多莉明
A51: (404)450-8288 | B51: 小1－1 | C51: 村瀬 英奈 | D51: 友和 | E51: (404)450-8288 | F51: 小5－1 | G51: 村瀬 友翔 | L51: =VLOOKUP(A51,'2023当番マスター(旧)'!A:D,4,FALSE()) -> 村瀬 英奈 | M51: =VLOOKUP(A51,2022当番マスター!A:E,4,FALSE()) -> 村瀬 英奈
A52: (470)557-0371 | B52: 小1－1 | C52: 黒木 逢七 | D52: 泰成 | E52: (470)557-0371 | L52: =VLOOKUP(A52,'2023当番マスター(旧)'!A:D,4,FALSE()) -> 黒木 逢七 | M52: =VLOOKUP(A52,2022当番マスター!A:E,4,FALSE()) -> 黒木 逢七
A53: (678)857-9876 | B53: 小1－1 | C53: セレン にこ | D53: 康司 | E53: (678)857-9876 | F53: 小4－2 | G53: セレン さな | L53: =VLOOKUP(A53,'2023当番マスター(旧)'!A:D,4,FALSE()) -> #N/A | M53: =VLOOKUP(A53,2022当番マスター!A:E,4,FALSE()) -> セレン にこ
A54: (401)924-3777 | B54: 小1－1 | C54: 新谷 えみり | D54: ハーヴィー | E54: (401)924-3777 | L54: =VLOOKUP(A54,'2023当番マスター(旧)'!A:D,4,FALSE()) -> 新谷 えみり | M54: =VLOOKUP(A54,2022当番マスター!A:E,4,FALSE()) -> 新谷 えみり
A55: (404)983-3953 | B55: 小1－1 | C55: 梶原 杏 | D55: 將義 | E55: (404)983-3953 | L55: =VLOOKUP(A55,'2023当番マスター(旧)'!A:D,4,FALSE()) -> 梶原 杏 | M55: =VLOOKUP(A55,2022当番マスター!A:E,4,FALSE()) -> 梶原 杏
A56: (706)983-7954 | B56: 小1－1 | C56: 松本 佳乃 | D56: 康宏 | E56: (706)983-7954 | F56: 小4－1 | G56: 松本 拓己 | L56: =VLOOKUP(A56,'2023当番マスター(旧)'!A:D,4,FALSE()) -> 松本 佳乃 | M56: =VLOOKUP(A56,2022当番マスター!A:E,4,FALSE()) -> 松本 佳乃
A57: (678)283-3556 | B57: 小1－2 | C57: 塚本 凌久 | D57: 孝徳 | E57: (678)283-3556 | L57: =VLOOKUP(A57,'2023当番マスター(旧)'!A:D,4,FALSE()) -> 塚本 凌久 | M57: =VLOOKUP(A57,2022当番マスター!A:E,4,FALSE()) -> 塚本 凌久
A58: (678)431-8111 | B58: 小1－2 | C58: 二村 貫太 | D58: 裕治 | E58: (678)431-8111 | L58: =VLOOKUP(A58,'2023当番マスター(旧)'!A:D,4,FALSE()) -> 二村 貫太 | M58: =VLOOKUP(A58,2022当番マスター!A:E,4,FALSE()) -> 二村 貫太
A59: (470)589-0483 | B59: 小1－2 | C59: 薮田 大輝 | D59: 豊大 | E59: (470)589-0483 | F59: 小6－2 | G59: 薮田 愛子 | L59: =VLOOKUP(A59,'2023当番マスター(旧)'!A:D,4,FALSE()) -> 薮田 大輝 | M59: =VLOOKUP(A59,2022当番マスター!A:E,4,FALSE()) -> 薮田 大輝
A60: (470)430-8281 | B60: 小1－2 | C60: レビン 海斗 | D60: ベンジャミン | E60: (470)430-8281 | L60: =VLOOKUP(A60,'2023当番マスター(旧)'!A:D,4,FALSE()) -> レビン 海斗 | M60: =VLOOKUP(A60,2022当番マスター!A:E,4,FALSE()) -> レビン 海斗
A61: (478)877-8054 | B61: 小1－2 | C61: 加藤 大河 | D61: 大地 | E61: (478)877-8054 | L61: =VLOOKUP(A61,'2023当番マスター(旧)'!A:D,4,FALSE()) -> 加藤 大河 | M61: =VLOOKUP(A61,2022当番マスター!A:E,4,FALSE()) -> 加藤 大河
A62: (470)240-7365 | B62: 小1－2 | C62: 岡本 祥弥 | D62: 雅雄 | E62: (470)240-7365 | F62: 小3－2 | G62: 岡本 啓吾 | L62: =VLOOKUP(A62,'2023当番マスター(旧)'!A:D,4,FALSE()) -> #N/A | M62: =VLOOKUP(A62,2022当番マスター!A:E,4,FALSE()) -> 岡本 祥弥
A63: (404)245-9823 | B63: 小1－2 | C63: 中村 光太 | D63: 剛 | E63: (404)245-9823 | L63: =VLOOKUP(A63,'2023当番マスター(旧)'!A:D,4,FALSE()) -> 中村 光太 | M63: =VLOOKUP(A63,2022当番マスター!A:E,4,FALSE()) -> 中村 光太
A64: (470)755-9695 | B64: 小1－2 | C64: 川嶋 琉生 | D64: 祐貴 | E64: (470)755-9695 | F64: 小4－1 | G64: 川嶋 優維 | L64: =VLOOKUP(A64,'2023当番マスター(旧)'!A:D,4,FALSE()) -> 川嶋 琉生 | M64: =VLOOKUP(A64,2022当番マスター!A:E,4,FALSE()) -> 川嶋 琉生
A65: (213)925-2174 | B65: 小1－2 | C65: 宮田 來怜 | D65: 大輝 | E65: (213)925-2174 | F65: 小3－1 | G65: 宮田 亜美 | L65: =VLOOKUP(A65,'2023当番マスター(旧)'!A:D,4,FALSE()) -> 宮田 來怜 | M65: =VLOOKUP(A65,2022当番マスター!A:E,4,FALSE()) -> 宮田 來怜
A66: (404)908-5543 | B66: 小1－2 | C66: モリソン 晴信 | D66: ジョシュア | E66: (404)908-5543 | L66: =VLOOKUP(A66,'2023当番マスター(旧)'!A:D,4,FALSE()) -> モリソン 晴信 | M66: =VLOOKUP(A66,2022当番マスター!A:E,4,FALSE()) -> モリソン 晴信
A67: (770)778-5098 | B67: 小1－2 | C67: 北井 匠 | D67: 大樹 | E67: (770)778-5098 | F67: 小6－2 | G67: 北井 大和 | L67: =VLOOKUP(A67,'2023当番マスター(旧)'!A:D,4,FALSE()) -> #N/A | M67: =VLOOKUP(A67,2022当番マスター!A:E,4,FALSE()) -> 北井 匠
A68: (470)755-9116 | B68: 小1－2 | C68: 山崎 瑛美 | D68: 寿也 | E68: (470)755-9116 | F68: 小4－2 | G68: 山崎 玲奈 | L68: =VLOOKUP(A68,'2023当番マスター(旧)'!A:D,4,FALSE()) -> 山崎 瑛美 | M68: =VLOOKUP(A68,2022当番マスター!A:E,4,FALSE()) -> 山崎 瑛美
A69: (770)235-8724 | B69: 小1－2 | C69: 井上 柚羽 | D69: 雄一郎 | E69: (770)235-8724 | F69: 小3－1 | G69: 井上 柚乃 | L69: =VLOOKUP(A69,'2023当番マスター(旧)'!A:D,4,FALSE()) -> 井上 柚羽 | M69: =VLOOKUP(A69,2022当番マスター!A:E,4,FALSE()) -> 井上 柚羽
A70: (470)882-5907 | B70: 小1－2 | C70: 大河内 彩恵 | D70: 一輝 | E70: (470)882-5907 | L70: =VLOOKUP(A70,'2023当番マスター(旧)'!A:D,4,FALSE()) -> 大河内 彩恵 | M70: =VLOOKUP(A70,2022当番マスター!A:E,4,FALSE()) -> 大河内 彩恵
A71: (770)364-6300 | B71: 小1－2 | C71: ラザラス スカーレット | D71: クリス | E71: (770)364-6300 | F71: 小3－1 | G71: ラザラス ジェームス | L71: =VLOOKUP(A71,'2023当番マスター(旧)'!A:D,4,FALSE()) -> ラザラス スカーレット | M71: =VLOOKUP(A71,2022当番マスター!A:E,4,FALSE()) -> ラザラス スカーレット
A72: (706)461-1800 | B72: 小1－2 | C72: シェルナット 莉彩 | D72: アダム | E72: (706)461-1800 | F72: 小1－1 | G72: シェルナット 流圭 | L72: =VLOOKUP(A72,'2023当番マスター(旧)'!A:D,4,FALSE()) -> #N/A | M72: =VLOOKUP(A72,2022当番マスター!A:E,4,FALSE()) -> シェルナット 莉彩
A73: (470)807-0696 | B73: 小1－2 | C73: 石井 希歩 | D73: 喜大 | E73: (470)807-0696 | F73: 小6－1 | G73: 石井 佑典 | L73: =VLOOKUP(A73,'2023当番マスター(旧)'!A:D,4,FALSE()) -> 石井 希歩 | M73: =VLOOKUP(A73,2022当番マスター!A:E,4,FALSE()) -> 石井 希歩
A74: (469)688-9008 | B74: 小1－3 | C74: 柳沢 彪功 | D74: 功 | E74: (469)688-9008 | L74: =VLOOKUP(A74,'2023当番マスター(旧)'!A:D,4,FALSE()) -> 柳沢 彪功 | M74: =VLOOKUP(A74,2022当番マスター!A:E,4,FALSE()) -> 柳沢 彪功
A75: (470)925-1574 | B75: 小1－3 | C75: 松本 悠生 | D75: 伸治 | E75: (470)925-1574 | F75: 小6－1 | G75: 松本 大輝 | L75: =VLOOKUP(A75,'2023当番マスター(旧)'!A:D,4,FALSE()) -> 松本 悠生 | M75: =VLOOKUP(A75,2022当番マスター!A:E,4,FALSE()) -> 松本 悠生
A76: (470)836-2904 | B76: 小1－3 | C76: 作佐部 岳 | D76: 将 | E76: (470)836-2904 | L76: =VLOOKUP(A76,'2023当番マスター(旧)'!A:D,4,FALSE()) -> 作佐部 岳 | M76: =VLOOKUP(A76,2022当番マスター!A:E,4,FALSE()) -> 作佐部 岳
A77: (423)637-2242 | B77: 小1－3 | C77: 中村 詩 | D77: 陽介 | E77: (423)637-2242 | F77: 小3－1 | G77: 中村 色 | L77: =VLOOKUP(A77,'2023当番マスター(旧)'!A:D,4,FALSE()) -> 中村 詩 | M77: =VLOOKUP(A77,2022当番マスター!A:E,4,FALSE()) -> 中村 詩
A78: (678)704-9168 | B78: 小1－3 | C78: 松井 一真 | D78: 甲並 | E78: (678)704-9168 | F78: 小3－2 | G78: 松井 真優 | L78: =VLOOKUP(A78,'2023当番マスター(旧)'!A:D,4,FALSE()) -> 松井 一真 | M78: =VLOOKUP(A78,2022当番マスター!A:E,4,FALSE()) -> 松井 一真
A79: (770)733-7815 | B79: 小1－3 | C79: ハリソン 倖 | D79: クリス | E79: (770)733-7815 | L79: =VLOOKUP(A79,'2023当番マスター(旧)'!A:D,4,FALSE()) -> ハリソン 倖 | M79: =VLOOKUP(A79,2022当番マスター!A:E,4,FALSE()) -> ハリソン 倖
A80: (678)622-9764 | B80: 小1－3 | C80: 松野 海咲 | D80: 雅信 | E80: (678)622-9764 | F80: 小3－2 | G80: 松野 宮臥 | L80: =VLOOKUP(A80,'2023当番マスター(旧)'!A:D,4,FALSE()) -> 松野 海咲 | M80: =VLOOKUP(A80,2022当番マスター!A:E,4,FALSE()) -> 松野 海咲
A81: (404)901-4603 | B81: 小1－3 | C81: 稲森 杏奈 | D81: 礼次郎 | E81: (404)901-4603 | F81: 小6－2 | G81: 稲森 新太郎 | H81: 中3－1 | I81: 稲森 恵理子 | L81: =VLOOKUP(A81,'2023当番マスター(旧)'!A:D,4,FALSE()) -> 稲森 杏奈 | M81: =VLOOKUP(A81,2022当番マスター!A:E,4,FALSE()) -> 稲森 杏奈
A82: (678)682-1604 | B82: 小1－3 | C82: 並木 楓 | D82: ポールジョセフ | E82: (678)682-1604 | L82: =VLOOKUP(A82,'2023当番マスター(旧)'!A:D,4,FALSE()) -> 並木 楓 | M82: =VLOOKUP(A82,2022当番マスター!A:E,4,FALSE()) -> 並木 楓
A83: (478)342-6818 | B83: 小1－3 | C83: 繁泉 凪 | D83: 健 | E83: (478)342-6818 | L83: =VLOOKUP(A83,'2023当番マスター(旧)'!A:D,4,FALSE()) -> 繁泉 凪 | M83: =VLOOKUP(A83,2022当番マスター!A:E,4,FALSE()) -> 繁泉 凪
A84: (404)764-0966 | B84: 小1－3 | C84: 二村 美玲 | D84: 公崇 | E84: (404)764-0966 | L84: =VLOOKUP(A84,'2023当番マスター(旧)'!A:D,4,FALSE()) -> 二村 美玲 | M84: =VLOOKUP(A84,2022当番マスター!A:E,4,FALSE()) -> 二村 美怜
A85: (404)499-4949 | B85: 小1－3 | C85: ハチンズ 桜華 | D85: カール | E85: (404)499-4949 | L85: =VLOOKUP(A85,'2023当番マスター(旧)'!A:D,4,FALSE()) -> ハチンズ 桜華 | M85: =VLOOKUP(A85,2022当番マスター!A:E,4,FALSE()) -> ハチンズ 桜華
A86: (404)450-3671 | B86: 小1－3 | C86: 森川 咲空 | D86: 康一 | E86: (404)450-3671 | F86: 小4－1 | G86: 森川 美桜 | H86: 中1－1 | I86: 森川 礼美 | L86: =VLOOKUP(A86,'2023当番マスター(旧)'!A:D,4,FALSE()) -> 森川 咲空 | M86: =VLOOKUP(A86,2022当番マスター!A:E,4,FALSE()) -> 森川 咲空
A87: (478)319-3212 | B87: 小1－3 | C87: 藤田 虹夕 | D87: 俊介 | E87: (478)319-3212 | F87: 小3－2 | G87: 藤田 虹南 | H87: 小5－1 | I87: 藤田 虹光 | L87: =VLOOKUP(A87,'2023当番マスター(旧)'!A:D,4,FALSE()) -> 藤田 虹夕 | M87: =VLOOKUP(A87,2022当番マスター!A:E,4,FALSE()) -> 藤田 虹夕
A88: (404)397-3762 | B88: 小1－3 | C88: 橋本 彩月 | D88: 佳周 | E88: (404)397-3762 | F88: 小3－2 | G88: 橋本 典沙 | L88: =VLOOKUP(A88,'2023当番マスター(旧)'!A:D,4,FALSE()) -> 橋本 彩月 | M88: =VLOOKUP(A88,2022当番マスター!A:E,4,FALSE()) -> 橋本 彩月
A89: (404)649-1474 | B89: 小2－1 | C89: 中村 一覚 | D89: 一公 | E89: (404)649-1474 | F89: 小4－2 | G89: 中村 慧 | L89: =VLOOKUP(A89,'2023当番マスター(旧)'!A:D,4,FALSE()) -> 中村 一覚 | M89: =VLOOKUP(A89,2022当番マスター!A:E,4,FALSE()) -> 中村 一覚
A90: (404)640-9700 | B90: 小2－1 | C90: 大嶋 希海 | D90: 仁海 | E90: (404)640-9700 | F90: 小4－1 | G90: 大嶋 七海 | L90: =VLOOKUP(A90,'2023当番マスター(旧)'!A:D,4,FALSE()) -> 大嶋 希海 | M90: =VLOOKUP(A90,2022当番マスター!A:E,4,FALSE()) -> 大嶋 希海
A91: (470)363-3036 | B91: 小2－1 | C91: 牟田 悠人 | D91: 隆平 | E91: (470)363-3036 | L91: =VLOOKUP(A91,'2023当番マスター(旧)'!A:D,4,FALSE()) -> 牟田 悠人 | M91: =VLOOKUP(A91,2022当番マスター!A:E,4,FALSE()) -> 牟田 悠人
A92: (404)861-3735 | B92: 小2－1 | C92: 大竹 愛子 | D92: MABRY | E92: (404)861-3735 | L92: =VLOOKUP(A92,'2023当番マスター(旧)'!A:D,4,FALSE()) -> 大竹 愛子 | M92: =VLOOKUP(A92,2022当番マスター!A:E,4,FALSE()) -> 大竹 愛子
A93: (470)553-0462 | B93: 小2－1 | C93: 滝田 莉子 | D93: 広一 | E93: (470)553-0462 | L93: =VLOOKUP(A93,'2023当番マスター(旧)'!A:D,4,FALSE()) -> #N/A | M93: =VLOOKUP(A93,2022当番マスター!A:E,4,FALSE()) -> 滝田 莉子
A94: (859)619-9062 | B94: 小2－1 | C94: 鈴木 蘭 | D94: 壮平 | E94: (859)619-9062 | L94: =VLOOKUP(A94,'2023当番マスター(旧)'!A:D,4,FALSE()) -> 鈴木 蘭 | M94: =VLOOKUP(A94,2022当番マスター!A:E,4,FALSE()) -> 鈴木 蘭
A95: (678)431-5562 | B95: 小2－1 | C95: 中井 志帆 | D95: 哲郎 | E95: (678)431-5562 | F95: 小4－2 | G95: 中井 航太郎 | L95: =VLOOKUP(A95,'2023当番マスター(旧)'!A:D,4,FALSE()) -> #N/A | M95: =VLOOKUP(A95,2022当番マスター!A:E,4,FALSE()) -> 中井 志帆
A96: (423)237-4248 | B96: 小2－1 | C96: 鈴木 梨央 | D96: 弘樹 | E96: (423)237-4248 | F96: 小4－2 | G96: 鈴木 煌生 | L96: =VLOOKUP(A96,'2023当番マスター(旧)'!A:D,4,FALSE()) -> 鈴木 梨央 | M96: =VLOOKUP(A96,2022当番マスター!A:E,4,FALSE()) -> 鈴木 梨央
A97: (678)308-3389 | B97: 小2－1 | C97: 持田 莉子 | D97: 紘徳 | E97: (678)308-3389 | L97: =VLOOKUP(A97,'2023当番マスター(旧)'!A:D,4,FALSE()) -> 持田 莉子 | M97: =VLOOKUP(A97,2022当番マスター!A:E,4,FALSE()) -> 持田 莉子
A98: (770)547-2230 | B98: 小2－1 | C98: 渡辺 日加里 | D98: 亮 | E98: (770)547-2230 | L98: =VLOOKUP(A98,'2023当番マスター(旧)'!A:D,4,FALSE()) -> 渡辺 日加里 | M98: =VLOOKUP(A98,2022当番マスター!A:E,4,FALSE()) -> 渡辺 日加里
A99: (404)324-2239 | B99: 小2－1 | C99: 福田 光希 | D99: 孝志 | E99: (404)324-2239 | L99: =VLOOKUP(A99,'2023当番マスター(旧)'!A:D,4,FALSE()) -> 福田 光希 | M99: =VLOOKUP(A99,2022当番マスター!A:E,4,FALSE()) -> 福田 光希
A100: (678)313-7184 | B100: 小2－1 | C100: 山田 梅 | D100: パルンガオ | E100: (678)313-7184 | L100: =VLOOKUP(A100,'2023当番マスター(旧)'!A:D,4,FALSE()) -> 山田 梅 | M100: =VLOOKUP(A100,2022当番マスター!A:E,4,FALSE()) -> 山田 梅
...

Sheet 2022当番マスター
F1: Telとメール赤字は当番用のみの番号。事務局の登録番号とは異なる | K1: グレーのハイライトは当番に該当しない | O1: メモ：保健図書入力可能先
T2: ※3-1図書委員は2名です。1人3回当番になるようにアサインお願いします(ブックフェア含まず)。
A3: 事務局登録TEL | B3: No | C3: 学年組 | D3: 氏 名 | E3: 保護者名 | F3: 当番用TEL | G3: 当番用メール | H3: 兄姉２ | I3: 兄姉氏名 | J3: 兄姉３ | K3: 兄姉氏名 | L3: 兄姉４ | M3: 兄姉氏名 | N3: 図書 | P3: 保健 | R3: パトロール | T3: 備考 | U3: 編入 | V3: 退学 | W3: 免除対象 | X3: 選出 | Y3: 事務局登録TEL | Z3: クラス登録メール
A4: (478)228-9270 | B4: 1 | C4: 幼 ゆり | D4: 高瀬 瑛太 | E4: 良平 | F4: (478)228-9270 | G4: rtakase0921@gmail.com;mtaka523.ktm@gmail.com | H4: 小3－1 | I4: 高瀬 翔太 | N4: 10/8,12/10,2/18 | O4: B,B,A | P4: 44716 | Q4: A | T4: ※退学した畠岡さんと図書委員交代(3-1は図書委員2名)。赤い日付は畠岡さんの残した当番を肩代わり分。 | W4: 図書委員 | X4: 小３−１② | Y4: (478)228-9270 | Z4: mtaka523.ktm@gmail.com
A5: (424)201-9432 | B5: 2 | C5: 幼 ゆり | D5: 清水 悠羽 | E5: 純雄 | F5: (424)201-9432 | G5: yoshikofuse@yahoo.co.jp;sumio79@yahoo.co.jp | P5: 44730 | Q5: A | V5: 45094 | Y5: (424)201-9432 | Z5: yoshikofuse@yahoo.co.jp
A6: (678)308-1514 | B6: 3 | C6: 幼 ゆり | D6: 津田 悠真 | E6: 真矢 | F6: (678)308-1514 | G6: aiko.tda@gmail.com | H6: 小2－2 | I6: 津田 真咲 | P6: 44905 | Q6: B | R6: 44723 | S6: B | Y6: (678)308-1514 | Z6: aiko.tda@gmail.com
A7: (678)727-6990 | B7: 4 | C7: 幼 ゆり | D7: 田代 匠 | E7: 悠一郎 | F7: (678)727-6990 | G7: minorinoaki33@outlook.jp | H7: 小4－1 | I7: 田代 実 | P7: 44674 | Q7: B | R7: 44856 | S7: D | Y7: (678)727-6990 | Z7: minorinoaki33@outlook.jp
A8: (646)345-9335 | B8: 5 | C8: 幼 ゆり | D8: 船戸 建志 | E8: 洸佑 | F8: (646)345-9335 | G8: kosuke.and.saori@gmail.com | P8: 44582 | Q8: B | R8: 44807 | S8: B | Y8: (646)345-9335 | Z8: kosuke.and.saori@gmail.com
A9: (240)602-4877 | B9: 6 | C9: 幼 ゆり | D9: 渡部 浩市 | E9: 浩 | F9: (240)602-4877 | G9: kimikoaratani@yahoo.com | H9: 小2－1 | I9: 渡部 公太 | R9: 44695 | S9: C | W9: 学級委員 | X9: 幼 ゆり | Y9: (240)602-4877 | Z9: kimikoaratani@yahoo.com;hiroshi20723@yahoo.co.jp
A10: (706)386-6298 | B10: 7 | C10: 幼 ゆり | D10: 川島 匠真 | E10: 淳平 | F10: (706)386-6298 | G10: myjptk@yahoo.co.jp | H10: 小2－1 | I10: 川島 一真 | P10: 44863 | Q10: A | R10: 44674 | S10: C | V10: 44912 | Y10: (706)386-6298 | Z10: myjptk@yahoo.co.jp
A11: (470)488-9747 | B11: 8 | C11: 幼 ゆり | D11: 冨永 奈央 | E11: 浩平 | F11: (470)488-9747 | G11: tominagakohei7@gmail.com | H11: 小2－1 | I11: 冨永 純平 | W11: 運営関係者 | X11: 幼、小２ | Y11: (470)488-9747 | Z11: tominagakohei7@gmail.com
A12: (770)235-8197 | B12: 9 | C12: 幼 ゆり | D12: 岩戸 友莉菜 | E12: 友宏 | F12: (770)235-8197 | G12: chika46yuri123tomo927@gmail.com | N12: 44589 | O12: D | R12: 44807 | S12: C | T12: 7/10保護者より電話番号訂正あり➝事務局へ連絡済 | Y12: (770)235-8197 | Z12: chika46yuri123tomo927@gmail.com
A13: (470)461-7192 | B13: 10 | C13: 幼 ゆり | D13: 江川 椎香 | E13: 良 | F13: (470)461-7192 | G13: makeorbreak.0728@gmail.com | H13: 小2－3 | I13: 江川 紗彩 | N13: 5/14＆5/28 | O13: D＆D | R13: ＊ | S13: ＊ | T13: 行事委員にもかかわらず図書当番になったためパトロールは免除か回数少な目で。5/16松本さんと変更。5/28は退学の田中さんの身代わり。 | W13: 行事委員 | X13: 幼 ゆり | Y13: (470)461-7192 | Z13: makeorbreak.0728@gmail.com
A14: (470)576-0018 | B14: 11 | C14: 幼 ゆり | D14: 佐藤 友紀美 | E14: 清隆 | F14: (470)576-0018 | G14: satofami.kyhsy@gmail.com | H14: 小2－1 | I14: 佐藤 清花 | J14: 小4－1 | K14: 佐藤 ほのか | W14: 運営関係者 | X14: 幼,小２，小４ | Y14: (470)576-0018 | Z14: satofami.kyhsy@gmail.com
A15: (678)464-7084 | B15: 12 | C15: 幼 ゆり | D15: 川部 和紗 | E15: 亘 | F15: (678)464-7084 | G15: kinoknoyama62.hk@gmail.com;wataru.kawabe@us.panasonic.com | H15: 小2－1 | I15: 川部 楓太 | N15: 44582 | O15: D | R15: 44793 | S15: C | T15: 9月にアサイン予定だったパトロール当番を、8/20の井口さん(交代者を探さずに退学)と交代して頂きました。 | Y15: (678)464-7084 | Z15: wataru.kawabe@us.panasonic.com
A16: (678)576-4453 | B16: 13 | C16: 幼 ゆり | D16: 西島 江真 | E16: 裕介 | F16: (678)576-4453 | G16: n.yusuke0923@gmail.com | H16: 小2－1 | I16: 西島 浩貴 | R16: 8/6,10/8,1/14 | S16: A | T16: 6月一時帰国の為不在 | W16: 安全対策委員 | X16: 小２－１ | Y16: (678)576-4453 | Z16: n.yusuke0923@gmail.com;kanayamamoto78@gmail.com
A17: (678)677-1769 | B17: 14 | C17: 幼 ゆり | D17: ホーイ 碧蘭 | E17: テリー | F17: (678)677-1769 | G17: lumisa22@gmail.com | N17: 44596 | O17: D | R17: 44821 | S17: B | Y17: (678)677-1769 | Z17: lumisa22@gmail.com;ksakakura07@gmail.com
A18: (470)454-0104 | B18: 15 | C18: 幼 ゆり | D18: 宮園 佳穂 | E18: 海斗 | F18: (470)454-0104 | G18: miho.mmkm16529@gmail.com | H18: 小2－1 | I18: 宮園 洋斗 | N18: 6/4,8/13,9/17,10/29,1/14,3/4 | O18: A,B,A,C,A,C | V18: 44954 | W18: 図書委員 | X18: 幼 ゆり | Y18: (470)454-0104 | Z18: miho.mmkm16529@gmail.com
A19: (770)235-1224 | B19: 16 | C19: 幼 ゆり | D19: 六反 梛月 | E19: 耕太 | F19: (770)235-1224 | G19: tsugumirokutan@gmail.com | H19: 小3－2 | I19: 六反 千遥 | J19: 小5－1 | K19: 六反 智葵 | N19: 1/21,3/11 | O19: C,B | P19: 44702 | Q19: A | R19: 44610 | S19: B | T19: 12/17付で退学した3-2大畑理仁さんの後任で図書委員繰上り | Y19: (770)235-1224 | Z19: tsugumirokutan@gmail.com
A20: (470)269-6658 | B20: 17 | C20: 幼 ゆり | D20: 伊藤 みずき | E20: 敦史 | F20: (470)269-6658 | G20: sunshine.mariko@gmail.com | H20: 小2－2 | I20: 伊藤 さくら | J20: 小2－3 | K20: 伊藤 あずさ | P20: 44863 | Q20: B | R20: 44667 | S20: C | Y20: (470)269-6658 | Z20: sunshine.mariko@gmail.com;atsushi1214meister@gmail.com
A21: (404)771-9497 | B21: 18 | C21: 幼 ゆり | D21: 木下 さら | E21: 博登 | F21: (404)771-9497 | G21: sunnyikopp@gmail.com | N21: 44596 | O21: E | R21: 44821 | S21: C | Y21: (404)771-9497 | Z21: sunnyikopp@gmail.com
A22: (470)796-0060 | B22: 19 | C22: 幼 ゆり | D22: 塚越 豊 | E22: 肇 | F22: (470)796-0060 | G22: ham_tsuka@yahoo.co.jp | P22: 44596 | Q22: A | R22: 44821 | S22: D | U22: 44674 | Y22: (470)796-0060 | Z22: ham_tsuka@yahoo.co.jp
A23: (513)857-8977 | B23: 20 | C23: 幼 ゆり | D23: 齋藤 翔 | E23: 正昭 | F23: (513)857-8977 | G23: mayuyutsu8007@icloud.com | N23: 44589 | O23: E | R23: 44807 | S23: D | V23: 45073 | Y23: (513)857-8977 | Z23: mayuyutsu8007@icloud.com
A24: (706)766-2725 | B24: 21 | C24: 幼 もも | D24: 山﨑 圭悟 | E24: 智昭 | F24: (706)766-2725 | G24: zaki.tomo.yuka@gmail.com | N24: 44716 | O24: D | R24: 44624 | S24: B | Y24: (706)766-2725 | Z24: zaki.tomo.yuka@gmail.com
A25: (678)237-1373 | B25: 22 | C25: 幼 もも | D25: 山口 将太 | E25: 圭介 | F25: (678)237-1373 | G25: ekus313@yahoo.co.jp;punipuniaiko@gmail.com | H25: 中2－1 | I25: 山口 美奈子 | N25: 4/23,5/14,8/27,10/22,1/7,2/25 | O25: C,B,A,B,C,A | W25: 図書委員 | X25: 中２－１ | Y25: (678)237-1373 | Z25: punipuniaiko@gmail.com
A26: (678)371-0304 | B26: 23 | C26: 幼 もも | D26: 池永 海生 | E26: ジャック | F26: (678)371-0304 | G26: nikenaga@yahoo.com | H26: 小2－1 | I26: 池永 眞弥 | N26: 6/4,8/13,10/1,11/12,1/21,3/11 | O26: B,C,A,C,B,A | W26: 図書委員 | X26: 幼 もも | Y26: (678)371-0304 | Z26: nikenaga@yahoo.com
A27: (678)296-7245 | B27: 24 | C27: 幼 もも | D27: 小田 哲哉 | E27: 康史 | F27: (678)296-7245 | G27: tomo1129tb3@gmail.com | H27: 小2－2 | I27: 小田 彰士 | N27: 44877 | O27: D | R27: 44688 | S27: D | Y27: (678)296-7245 | Z27: tomo1129tb3@gmail.com
A28: (706)980-3859 | B28: 25 | C28: 幼 もも | D28: 作元 瑛太 | E28: 正和 | F28: (706)980-3859 | G28: chisato.mail.0714@gmail.com;m.sakumoto17@gmail.com | H28: 小4－1 | I28: 作元 要太 | V28: 45003 | W28: 学級委員 | X28: 小４－１ | Y28: (706)980-3859 | Z28: chisato.mail.0714@gmail.com
A29: (704)654-0730 | B29: 26 | C29: 幼 もも | D29: 鈴木 康平 | E29: 秀典 | F29: (704)654-0730 | G29: hsuzuki@live.com;suzuki.mio@outlook.com | W29: 行事委員 | X29: 幼 もも | Y29: (704)654-0730 | Z29: suzuki.mio@outlook.com;Hsuzuki@live.com
A30: (770)580-9260 | B30: 27 | C30: 幼 もも | D30: 宮嶋 悠一郎 | E30: 望 | F30: (770)580-9260 | G30: gongdaowang@hotmail.co.jp;spring_mh@hotmail.com | H30: 小3－1 | I30: 宮嶋 希子 | R30: 6/4,9/17,12/10,3/11 | S30: A | W30: 安全対策委員 | X30: 幼 ゆり | Y30: (770)580-9260 | Z30: spring_mh@hotmail.com
A31: (352)284-4615 | B31: 28 | C31: 幼 もも | D31: 篠原 佳也 | E31: マイカ | F31: (352)284-4615 | G31: hiroko_shinohara@hotmail.com | W31: 学級委員 | X31: 幼 もも | Y31: (352)284-4615 | Z31: hiroko_shinohara@hotmail.com
A32: (404)429-0867 | B32: 29 | C32: 幼 もも | D32: 綾部 櫻 | E32: ファリス | F32: (404)429-0867 | G32: naoneko38@msn.com | H32: 小1－3 | I32: 綾部 賢造 | W32: 行事委員 | X32: 小１－３ | Y32: (404)429-0867 | Z32: naoneko38@msn.com
A33: (678)571-3691 | B33: 30 | C33: 幼 もも | D33: 神村 咲奈 | E33: 洋介 | F33: (678)571-3691 | G33: yukainahitorigoto@gmail.com | P33: 44800 | Q33: B | T33: happysanaichigo@gmail.comのメルアドは不要 | Y33: (678)571-3691 | Z33: yukainahitorigoto@gmail.com
A34: (678)200-3387 | B34: 31 | C34: 幼 もも | D34: 近藤 さくら | E34: 政樹 | F34: (678)200-3387 | G34: qiuzi1012@yahoo.co.jp | H34: 小2－3 | I34: 近藤 巧 | P34: 44660 | Q34: B | R34: 44870 | S34: E | Y34: (678)200-3387 | Z34: qiuzi1012@yahoo.co.jp
A35: (706)238-3484 | B35: 32 | C35: 幼 もも | D35: 鈴山 たお | E35: 大介 | F35: (706)238-3484 | G35: madokasuzuyama@gmail.com | H35: 小3－2 | I35: 鈴山 大晴 | V35: 44730 | Y35: (706)238-3484 | Z35: madokasuzuyama@gmail.com
A36: (404)202-3437 | B36: 33 | C36: 幼 もも | D36: 富澤 結衣 | E36: 明 | F36: (404)202-3437 | G36: ekawa411@gmail.com | N36: 44912 | O36: D | R36: 44723 | S36: C | Y36: (404)202-3437 | Z36: ekawa411@gmail.com
A37: (678)897-3721 | B37: 34 | C37: 幼 もも | D37: 林 美和 | E37: 悠 | F37: (678)897-3721 | G37: yukkokko.526@gmail.com;yu.hayashi@kubota.com | H37: 小2－3 | I37: 林 美桜 | P37: 44660 | Q37: A | R37: 44870 | S37: F | Y37: (678)897-3721 | Z37: yu.hayashi@kubota.com;yukkokko.526@gmail.com
A38: (678)315-9092 | B38: 35 | C38: 幼 もも | D38: 益田 華 | E38: 拓朗 | F38: (404)447-4884 | G38: takuro.masuda@gmail.com | P38: 44617 | Q38: B | R38: 44856 | S38: B | T38: 当番の際の連絡先変更 | Y38: (678)315-9092 | Z38: takuro.masuda@gmail.com
A39: (706)934-3352 | B39: 36 | C39: 幼 もも | D39: 森本 七瀬 | E39: 祐輔 | F39: (706)934-3352 | G39: yuko_in_nor@yahoo.co.jp | P39: 44617 | Q39: A | R39: 44856 | S39: C | Y39: (706)934-3352 | Z39: yuko_in_nor@yahoo.co.jp
A40: (678)446-9466 | B40: 37 | C40: 幼 もも | D40: 木本 咲衣 | E40: 匠 | F40: (678)446-9466 | G40: mkimoto.1125@gmail.com | H40: 小2－3 | I40: 木本 陽真 | V40: 45003 | W40: 運営関係者 | X40: 幼,小２ | Y40: (678)446-9466 | Z40: mkimoto.1125@gmail.com
A41: (404)547-2990 | B41: 38 | C41: 幼 もも | D41: 内山 絵美理 | E41: 浩太 | F41: (404)547-2990 | G41: kota.uchiyama@hotmail.com;kotauchiyama@kpmg.com | V41: 44739 | Y41: (404)547-2990 | Z41: kotauchiyama@kpmg.com
A42: (770)823-4301 | B42: 39 | C42: 幼 もも | D42: 橋本 陸 | E42: 浩輔 | F42: (770)823-4301 | G42: 84hashi2015@gmail.con;84hashi2015@gmail.com | H42: 小4－2 | I42: 橋本 樹 | T42: 1月14日で退学 | U42: 44674 | V42: 44940 | W42: 運営関係者 | X42: 小４ | Y42: (770)823-4301 | Z42: 84hashi2015@gmail.com
A43: (470)519-5525 | B43: 40 | C43: 幼 もも | D43: 山根 悠希 | E43: 聡 | F43: (470)519-5525 | G43: knjys@yahoo.co.jp | H43: 小2－1 | I43: 山根 綾乃 | J43: 小5-2 | K43: 山根 陸 | N43: 44828 | O43: D | T43: 事務局より お母様の電話番号へ連絡先を変更 | U43: 44674 | Y43: (470)519-5525 | Z43: knjys@yahoo.co.jp
A44: (770)314-7618 | B44: 41 | C44: 幼 もも | D44: 磯部 美桜 | E44: 大介 | F44: (770)314-7618 | G44: daisuke_isobe@na.honda.com | H44: 小3－2 | I44: 磯部 侑理 | R44: 44898 | S44: B | U44: 44779 | Y44: (770)314-7618 | Z44: daisuke_isobe@na.honda.com
A45: (310)809-5341 | B45: 42 | C45: 幼 もも | D45: 西 竜輝 | E45: 佑樹 | F45: (310)809-5341 | G45: kaoru.mtt@gmail.com | H45: 小5－1 | I45: 西 美咲 | J45: 小4-1 | K45: 西 朝輝 | T45: 竜輝のみ8/6/2022編入 | W45: 行事委員 | X45: 小４－１ | Y45: (310)809-5341 | Z45: Kaoru.mtt@gmail.com
A46: (770)309-3296 | B46: 43 | C46: 小1－1 | D46: 上原 圭翔 | E46: 悠 | F46: (770)309-3296 | G46: yuehara710@gmail.com;suehara314@gmail.com | W46: 学級委員 | X46: 小１－１ | Y46: (770)309-3296 | Z46: suehara314@gmail.com
A47: (770)885-5784 | B47: 44 | C47: 小1－1 | D47: 鈴木 賢斗 | E47: ジェームス | F47: (770)885-5784 | G47: takayo.witmondt@gmail.com | P47: 44716 | Q47: B | R47: 44631 | S47: B | Y47: (770)885-5784 | Z47: takayo.witmondt@gmail.com
A48: (470)323-2313 | B48: 45 | C48: 小1－1 | D48: 齋藤 鉄平 | E48: 甲侍 | F48: (470)323-6855 | G48: chibimaki3110@gmail.com;mk31101125@gmail.com | H48: 小3－1 | I48: 齋藤 理子 | N48: 44877 | O48: E | R48: 44688 | S48: B | T48: 9/8当日は父が対応。父電話に変更。 | Y48: (470)323-2313 | Z48: mk31101125@gmail.com
A49: (470)758-0428 | B49: 46 | C49: 小1－1 | D49: 渡辺 琳久 | E49: 哲也 | F49: (470)758-0428 | G49: te2ya.watanabe@gmail.com | H49: 小4－2 | I49: 渡辺 遼 | W49: 運営関係者 | X49: 小１,小４ | Y49: (470)758-0428 | Z49: te2ya.watanabe@gmail.com
A50: (423)309-0395 | B50: 47 | C50: 小1－1 | D50: 井手 康平 | E50: 悟 | F50: (423)309-0395 | G50: 27satoru.id@gmail.com;27.ryoko.s@gmail.com | H50: 中2－1 | I50: 井手 優花 | P50: 44800 | Q50: A | Y50: (423)309-0395 | Z50: 27.ryoko.s@gmail.com
A51: (770)695-4988 | B51: 48 | C51: 小1－1 | D51: 松田 悠生 | E51: 陽介 | F51: (770)695-4988 | G51: nwdds539@gmail.com | P51: 44912 | Q51: A | R51: 44723 | S51: D | Y51: (770)695-4988 | Z51: nwdds539@gmail.com
A52: (423)490-5130 | B52: 49 | C52: 小1－1 | D52: 岩田 健孟 | E52: 達則 | F52: (423)490-5130 | G52: cadu.co.recheblue@gmail.com;tatsunori.iwata@gmail.com | P52: 44807 | Q52: A | Y52: (423)490-5130 | Z52: tatsunori.iwata@gmail.com
A53: (478)484-9636 | B53: 50 | C53: 小1－1 | D53: 髙田 昂汰 | E53: 優吾 | F53: (478)484-9636 | G53: a_little_bit_of_courage_july29@yahoo.co.jp;locolife0403@gmail.com | H53: 小3－1 | I53: 髙田 湊介 | W53: 行事委員 | X53: 小３－１ | Y53: (478)484-9636 | Z53: locolife0403@gmail.com
A54: (310)755-9862 | B54: 51 | C54: 小1－1 | D54: 内山 綾士 | E54: 祐紀 | F54: (310)755-9862 | G54: yuki_tx@hotmail.com;rieko.u@hotmail.com | P54: 44807 | Q54: B | Y54: (310)755-9862 | Z54: rieko.u@hotmail.com;yuki_tx@hotmail.com
A55: (917)860-4899 | B55: 52 | C55: 小1－1 | D55: ハイマン 多莉明 | E55: ラリー | F55: (917)860-4899 | G55: miyo.heiman@gmail.com | N55: 5/7,8/6,9/24,11/12,1/21,3/11 | O55: A,B,C,B,A,C | W55: 図書委員 | X55: 小１－１ | Y55: (917)860-4899 | Z55: miyo.heiman@gmail.com
A56: (404)450-8288 | B56: 53 | C56: 小1－1 | D56: 村瀬 英奈 | E56: 友和 | F56: (404)450-8288 | G56: crystalchakkey72@gmail.com;tomokazu.murase@toppan-usa.com | H56: 小5－1 | I56: 村瀬 友翔 | N56: 44821 | O56: E | V56: 45094 | Y56: (404)450-8288 | Z56: crystalchakkey72@gmail.com
A57: (706)983-7954 | B57: 54 | C57: 小1－1 | D57: 松本 佳乃 | E57: 康宏 | F57: (706)983-7954 | G57: ym020108316@icloud.com;yyyuko.be@gmail.com | H57: 小4－1 | I57: 松本 拓己 | N57: 44667 | O57: D | R57: 44568 | S57: B | Y57: (706)983-7954 | Z57: yyyuko.be@gmail.com
A58: (404)983-3953 | B58: 55 | C58: 小1－1 | D58: 梶原 杏 | E58: 將義 | F58: (404)983-3953 | G58: miisuke0102@gmail.com | P58: 44821 | Q58: A | Y58: (404)983-3953 | Z58: miisuke0102@gmail.com
A59: (678)857-9876 | B59: 56 | C59: 小1－1 | D59: セレン にこ | E59: 康司 | F59: (678)857-9876 | G59: emysellen@icloud.com | H59: 小4－2 | I59: セレン さな | W59: 行事委員 | X59: 小１－１ | Y59: (678)857-9876 | Z59: emysellen@icloud.com;yasushisellen255@gmail.com
A60: (401)924-3777 | B60: 57 | C60: 小1－1 | D60: 新谷 えみり | E60: ハーヴィー | F60: (401)924-3777 | G60: aloha72nobue@gmail.com | P60: 44702 | Q60: B | R60: 44610 | S60: C | Y60: (401)924-3777 | Z60: aloha72nobue@gmail.com
A61: (470)557-0371 | B61: 58 | C61: 小1－1 | D61: 黒木 逢七 | E61: 泰成 | F61: (470)557-0371 | G61: s.ma.merry.v.v@gmail.com | P61: 44821 | Q61: B | Y61: (470)557-0371 | Z61: s.ma.merry.v.v@gmail.com
A62: (678)882-6834 | B62: 59 | C62: 小1－1 | D62: 良原 渓太 | E62: 伸幸 | F62: (678)882-6834 | G62: yoshimakimail9@gmail.com | H62: 小6ー1 | I62: 良原 康太 | N62: 44610 | O62: D | R62: 44842 | S62: B | U62: 44681 | Y62: (678)882-6834 | Z62: yoshimakimail9@gmail.com
A63: (678)283-3556 | B63: 60 | C63: 小1－2 | D63: 塚本 凌久 | E63: 孝徳 | F63: (678)283-3556 | G63: rvesrkt0106@gmail.com | P63: 44723 | Q63: A | R63: 44631 | S63: C | Y63: (678)283-3556 | Z63: rvesrkt0106@gmail.com
A64: (678)431-8111 | B64: 61 | C64: 小1－2 | D64: 二村 貫太 | E64: 裕治 | F64: (678)431-8111 | G64: gaoxiuai@gmail.com;y-nimura@ykk.com | W64: 当番作成委員 | Y64: (678)431-8111 | Z64: gaoxiuai@gmail.com
A65: (470)589-0483 | B65: 62 | C65: 小1－2 | D65: 薮田 大輝 | E65: 豊大 | F65: (470)589-0483 | G65: satoko7211@yahoo.co.jp;atsuhiro0221@yahoo.co.jp | H65: 小6－2 | I65: 薮田 愛子 | N65: 44800 | O65: D | T65: 10/29 大河内さん交代によってパトロール担当 | Y65: (470)589-0483 | Z65: satoko7211@yahoo.co.jp
A66: (478)877-8054 | B66: 63 | C66: 小1－2 | D66: 加藤 大河 | E66: 大地 | F66: (478)877-8054 | G66: sakusaku1742@yahoo.co.jp;cazz0611@yahoo.co.jp | N66: 5/14,8/13,10/1,12/3,2/4 | O66: C,A,C,A,B | W66: 図書委員 | X66: 小１－２ | Y66: (478)877-8054 | Z66: cazz0611@yahoo.co.jp
A67: (470)240-7365 | B67: 64 | C67: 小1－2 | D67: 岡本 祥弥 | E67: 雅雄 | F67: (470)240-7365 | G67: komiyu0409@gmail.com | H67: 小3－2 | I67: 岡本 啓吾 | V67: 45003 | W67: 学級委員 | X67: 小１－２ | Y67: (470)240-7365 | Z67: komiyu0409@gmail.com
A68: (404)245-9823 | B68: 65 | C68: 小1－2 | D68: 中村 光太 | E68: 剛 | F68: (404)245-9823 | G68: home.dora@gmail.com;aichikaw@hotmail.com | N68: 44702 | O68: D | R68: 44617 | S68: B | Y68: (404)245-9823 | Z68: home.dora@gmail.com
A69: (770)778-5098 | B69: 66 | C69: 小1－2 | D69: 北井 匠 | E69: 大樹 | F69: (770)778-5098 | G69: life__is__beautiful@hotmail.com;kitai_atl_2022@yahoo.com | H69: 小6－2 | I69: 北井 大和 | W69: 学級委員 | X69: 小６－２ | Y69: (770)778-5098 | Z69: kitai_atl_2022@yahoo.com
A70: (213)925-2174 | B70: 67 | C70: 小1－2 | D70: 宮田 來怜 | E70: 大輝 | F70: (213)925-2174 | G70: kuboasa817@hotmail.com | H70: 小3－1 | I70: 宮田 亜美 | W70: 運営関係者 | X70: 小１,小３ | Y70: (213)925-2174 | Z70: kuboasa817@hotmail.com
A71: (404)908-5543 | B71: 68 | C71: 小1－2 | D71: モリソン 晴信 | E71: ジョシュア | F71: (404)908-5543 | G71: afurukaw@gmail.com | H71: 小6－1 | I71: モリソン 智秀 | W71: 運営関係者 | X71: 小１,小６ | Y71: (404)908-5543 | Z71: afurukaw@gmail.com
A72: (478)250-5761 | B72: 69 | C72: 小1－2 | D72: 藤崎 環 | E72: 歩 | F72: (478)250-5761 | G72: lego05.af@gmail.com;mikaramu8102@yahoo.co.jp | V72: 44982 | W72: 行事委員 | X72: 小１－２ | Y72: (478)250-5761 | Z72: mikaramu8102@yahoo.co.jp
A73: (470)755-9116 | B73: 70 | C73: 小1－2 | D73: 山崎 瑛美 | E73: 寿也 | F73: (470)755-9116 | G73: mln.08077120495@icloud.com;nozoyama0724@icloud.com | H73: 小4－2 | I73: 山崎 玲奈 | N73: 44905 | O73: D | R73: 44716 | S73: B | Y73: (470)755-9116 | Z73: mln.08077120495@icloud.com
A74: (770)235-8724 | B74: 71 | C74: 小1－2 | D74: 井上 柚羽 | E74: 雄一郎 | F74: (770)235-8724 | G74: yook.yoo.mee.0417@gmail.com | H74: 小3－1 | I74: 井上 柚乃 | N74: 44660 | O74: D | R74: 44582 | S74: C | Y74: (770)235-8724 | Z74: yook.yoo.mee.0417@gmail.com
A75: (470)882-5907 | B75: 72 | C75: 小1－2 | D75: 大河内 彩恵 | E75: 一輝 | F75: (470)-882-5907 | G75: kokochi@hvac.mea.com;mermaid5070@gmail.com | N75: 44610 | O75: E | R75: 44842 | S75: C | T75: もともと10月担当であったが、薮田さんにやってもらうことになった。 | Y75: (470)882-5907 | Z75: kokochi@hvac.mea.com
A76: (770)364-6300 | B76: 73 | C76: 小1－2 | D76: ラザラス スカーレット | E76: クリス | F76: (770)364-6300 | G76: dr.celinelazarus@gmail.com | H76: 小3－1 | I76: ラザラス ジェームス | P76: 44610 | Q76: A | R76: 44842 | S76: D | Y76: (770)364-6300 | Z76: dr.celinelazarus@gmail.com
A77: (706)461-1800 | B77: 74 | C77: 小1－2 | D77: シェルナット 莉彩 | E77: アダム | F77: (706)461-1800 | G77: nako.shelnut@gmail.com | H77: 小1－1 | I77: シェルナット 流圭 | P77: 44709 | Q77: A | R77: 44617 | S77: C | V77: 45003 | Y77: (706)461-1800 | Z77: nako.shelnut@gmail.com
A78: (470)807-0696 | B78: 75 | C78: 小1－2 | D78: 石井 希歩 | E78: 喜大 | F78: (470)807-0696 | G78: bigjoy.1414416@gmail.com | H78: 小6－1 | I78: 石井 佑典 | N78: 44681 | O78: D | R78: 44582 | S78: B | T78: 事務局より 電話番号を母携帯へ変更 | Y78: (470)807-0696 | Z78: bigjoy.1414416@gmail.com
A79: (470)755-9695 | B79: 76 | C79: 小1ー2 | D79: 川嶋 琉生 | E79: 祐貴 | F79: (470)755-9695 | G79: ayari_kawashima@yahoo.co.jp | H79: 小4ー1 | I79: 川嶋 優維 | P79: 44596 | Q79: B | R79: 44828 | S79: B | U79: 44660 | Y79: (470)755-9695 | Z79: ayari_kawashima@yahoo.co.jp
A80: (470)430-8281 | B80: 77 | C80: 小1ー2 | D80: レビン 海斗 | E80: ベンジャミン | F80: (470)430-8281 | G80: chikosancute@gmail.com | N80: 44603 | O80: D | R80: 44828 | S80: C | U80: 44716 | Y80: (470)430-8281
A81: (678)704-9168 | B81: 78 | C81: 小1－3 | D81: 松井 一真 | E81: 甲並 | F81: (678)704-9168 | G81: sato.kom.1128@gmail.com | H81: 小3－2 | I81: 松井 真優 | W81: 運営関係者 | X81: 小１,小３ | Y81: (678)704-9168 | Z81: sato.kom.1128@gmail.com
A82: (469)688-9008 | B82: 79 | C82: 小1－3 | D82: 柳沢 彪功 | E82: 功 | F82: (469)688-9008 | G82: 30y130s@gmail.com | R82: 4/9,6/18,11/5,2/11 | S82: A | W82: 安全対策委員 | X82: 小１－１ | Y82: (469)688-9008 | Z82: 30y130s@gmail.com
A83: (843)687-1453 | B83: 80 | C83: 小1－3 | D83: 本田 英志 | E83: 幹人 | F83: (843)687-1453 | G83: kiyonochika@gmail.com | N83: 44681 | O83: E | R83: 44568 | S83: C | V83: 44954 | Y83: (843)687-1453 | Z83: mikito_honda@na.honda.com;kiyonochika@gmail.com
A84: (770)853-1385 | B84: 81 | C84: 小1－3 | D84: 細川 利修 | E84: 悠 | F84: (770)853-1385 | G84: haruyo83@hotmail.com | N84: 44723 | O84: D | T84: 12月17日で退学、メールアドレス変更haruyo83@hotmail.com | V84: 44912 | Y84: (770)853-1385 | Z84: haruyo83@hotmail.com
A85: (706)346-1162 | B85: 82 | C85: 小1－3 | D85: 畠岡 柊空 | E85: 健太 | F85: (706)346-1162 | G85: shuuu.toaaa.0225@icloud.com | H85: 小3－1 | I85: 畠岡 柊羽 | N85: 10/8①,②,10/22 | O85: A,B,B | T85: ※222年度1学期一時帰国のため、2,3学期に図書当番集中→10/8①のみ当番来校予定(残り2日は次期委員が引き継ぐ予定) | V85: 44785 | W85: 図書委員 | X85: 小３－１ | Y85: (706)346-1162 | Z85: shuuu.toaaa.0225@icloud.com
A86: (404)490-7012 | B86: 83 | C86: 小1－3 | D86: 下原 瑛太 | E86: 千城 | F86: (404)490-7012 | G86: uni.ikura.1021@gmail.com | H86: 小4－2 | I86: 下原 楓華 | V86: 44758 | W86: 学級委員 | X86: 小４－２ | Y86: (404)490-7012 | Z86: uni.ikura.1021@gmail.com
A87: (770)733-7815 | B87: 84 | C87: 小1－3 | D87: ハリソン 倖 | E87: クリス | F87: (770)733-7815 | G87: nodokaharrison@gmail.com | N87: 4/9,5/28,6/18,10/8,12/17,2/18 | O87: B,B,A,A,C,B | W87: 図書委員 | X87: 小１－３ | Y87: (770)733-7815 | Z87: nodokaharrison@gmail.com
A88: (470)836-2904 | B88: 85 | C88: 小1－3 | D88: 作佐部 岳 | E88: 将 | F88: (470)836-2904 | G88: gakuyuno1098@gmail.com | N88: 44800 | O88: E | T88: メルアドはこちらへgakuyuno1098@gmail.com | Y88: (470)836-2904 | Z88: gakuyuno1098@gmail.com
A89: (470)925-1574 | B89: 86 | C89: 小1－3 | D89: 松本 悠生 | E89: 伸治 | F89: (470)925-1574 | G89: shinji.m@hotmail.co.jp | H89: 小6－1 | I89: 松本 大輝 | N89: 44709 | O89: E | R89: 44624 | S89: C | Y89: (470)925-1574 | Z89: shinji.m@hotmail.co.jp
A90: (404)901-4603 | B90: 87 | C90: 小1－3 | D90: 稲森 杏奈 | E90: 礼次郎 | F90: (404)901-4603 | G90: rijun12@gmail.com | H90: 小6－2 | I90: 稲森 新太郎 | J90: 中3－1 | K90: 稲森 恵理子 | P90: 44905 | Q90: A | R90: 44716 | S90: C | Y90: (404)901-4603 | Z90: rijun12@gmail.com
A91: (678)682-1604 | B91: 88 | C91: 小1－3 | D91: 並木 楓 | E91: ポールジョセフ | F91: (678)682-1604 | G91: maikosargent@gmail.com | W91: 学級委員 | X91: 小１－３ | Y91: (678)682-1604 | Z91: maikosargent@gmail.com
A92: (678)622-9764 | B92: 89 | C92: 小1－3 | D92: 松野 海咲 | E92: 雅信 | F92: (678)622-9764 | G92: kao.1221.non@gmail.com;msko0621@gmail.com | H92: 小3－2 | I92: 松野 宮臥 | N92: 44603 | O92: E | R92: 44828 | S92: D | Y92: (678)622-9764 | Z92: kao.1221.non@gmail.com
A93: (404)450-3671 | B93: 90 | C93: 小1－3 | D93: 森川 咲空 | E93: 康一 | F93: (404)450-3671 | G93: saoko.1135@gmail.com | H93: 小4－1 | I93: 森川 美桜 | J93: 中1－1 | K93: 森川 礼美 | N93: 44856 | O93: D | Y93: (404)450-3671 | Z93: saoko.1135@gmail.com
A94: (404)764-0966 | B94: 91 | C94: 小1－3 | D94: 二村 美怜 | E94: 公崇 | F94: (404)764-0966 | G94: s.a.y.u.r.i.ftmr@gmail.com | N94: 44856 | O94: E | Y94: (404)764-0966 | Z94: s.a.y.u.r.i.ftmr@gmail.com
A95: (478)342-6818 | B95: 92 | C95: 小1－3 | D95: 繁泉 凪 | E95: 健 | F95: (478)342-6818 | G95: akkunnmoi@yahoo.co.jp | P95: 44603 | Q95: A | R95: 44835 | S95: C | V95: 45073 | Y95: (478)342-6818 | Z95: akkunnmoi@yahoo.co.jp
A96: (478)319-3212 | B96: 93 | C96: 小1－3 | D96: 藤田 虹夕 | E96: 俊介 | F96: (478)319-3212 | G96: 86nikoniko@gmail.com | H96: 小3－2 | I96: 藤田 虹南 | J96: 小5－1 | K96: 藤田 虹光 | P96: 44603 | Q96: B | R96: 44835 | S96: D | T96: 8/5 (478)319-3212当番の連絡先変更 | U96: 44660 | Y96: (478)319-3212 | Z96: 86nikoniko@gmail.com
A97: (404)397-3762 | B97: 94 | C97: 小1－3 | D97: 橋本 彩月 | E97: 佳周 | F97: (404)397-3762 | G97: nachichi726@gmail.com | H97: 小3－2 | I97: 橋本 典沙 | N97: 44624 | O97: E | R97: 44870 | S97: C | T97: ご主人の電話番号あり(470)361-3654 | U97: 44779 | Y97: (404)397-3762
A98: (404)499-4949 | B98: 95 | C98: 小1－3 | D98: ハチンズ 桜華 | E98: カール | F98: (404)499-4949 | G98: yuminator81@gmail.com | P98: 44624 | Q98: A | R98: 44870 | S98: D | U98: 44779 | Y98: (404)499-4949
A99: (423)637-2242 | B99: 96 | C99: 小1－3 | D99: 中村 詩 | E99: 陽介 | F99: (423)637-2242 | G99: mikas1986@icloud.com | H99: 小3－1 | I99: 中村 色 | R99: 44912 | S99: C | T99: -> 11/12に変更(南條さんと） | U99: 44800 | Y99: (423)637-2242
A100: (470)363-3036 | B100: 97 | C100: 小2－1 | D100: 牟田 悠人 | E100: 隆平 | F100: (470)363-3036 | G100: muttanoie@icloud.com | N100: 44716 | O100: E | R100: 44631 | S100: D | V100: 45094 | Y100: (470)363-3036 | Z100: muttanoie@icloud.com
...
